id_etudiant,code_filiere,filiere,domaine,francais,anglais,mathematiques,physique,chimie,biologie,economie,informatique,logique,dessin,communication,leadership,empathie,terrain,interet_social,interet_affaires,interet_environnement,interet_technologie,commentaire_profil
E0001,LARC,Architecture,Sciences et Technologie,10.4,5.5,11.9,9.0,10.6,9.1,9.8,,12.2,17.1,10.6,8.2,,9.7,12.4,7.6,9.6,13.6,"Profil généré pour Architecture avec accent sur dessin, interet_technologie, mathematiques."
E0002,LARC,Architecture,Sciences et Technologie,10.2,10.0,13.5,9.4,,9.1,10.1,8.4,10.9,19.5,11.5,8.4,10.1,,7.7,8.2,,16.1,"Profil généré pour Architecture avec accent sur dessin, interet_technologie, mathematiques."
E0003,LARC,Architecture,Sciences et Technologie,9.3,8.4,,8.3,,,9.8,8.8,10.5,,6.6,7.4,11.3,10.3,,7.9,5.4,14.3,"Profil généré pour Architecture avec accent sur dessin, interet_technologie, mathematiques."
E0004,LARC,Architecture,Sciences et Technologie,9.1,9.4,16.8,9.5,9.4,,11.6,7.8,11.8,,6.9,,12.6,9.7,4.7,7.0,,16.6,"Profil généré pour Architecture avec accent sur dessin, interet_technologie, mathematiques."
E0005,LARC,Architecture,Sciences et Technologie,6.0,8.9,13.3,8.1,7.3,12.8,10.5,10.7,11.7,,9.0,6.7,11.8,8.8,10.9,7.8,9.3,15.6,"Profil généré pour Architecture avec accent sur dessin, interet_technologie, mathematiques."
E0006,LARC,Architecture,Sciences et Technologie,12.0,8.7,15.7,11.5,10.2,,9.6,9.2,8.3,17.4,8.2,10.6,,9.9,7.9,9.5,8.2,14.8,"Profil généré pour Architecture avec accent sur dessin, interet_technologie, mathematiques."
E0007,LARC,Architecture,Sciences et Technologie,9.2,13.5,10.2,6.4,,7.7,5.1,7.1,14.6,15.9,5.2,12.8,7.0,,7.8,11.6,8.1,14.6,"Profil généré pour Architecture avec accent sur dessin, interet_technologie, mathematiques."
E0008,LARC,Architecture,Sciences et Technologie,,8.5,12.1,10.8,9.6,9.0,9.6,14.1,14.8,17.5,10.2,,,10.7,6.5,9.0,,14.8,"Profil généré pour Architecture avec accent sur dessin, interet_technologie, mathematiques."
E0009,LARC,Architecture,Sciences et Technologie,8.6,,10.8,14.4,10.6,8.9,8.4,10.0,14.6,18.6,11.0,9.1,10.8,10.4,8.6,9.9,9.8,14.5,"Profil généré pour Architecture avec accent sur dessin, interet_technologie, mathematiques."
E0010,LARC,Architecture,Sciences et Technologie,11.7,7.7,14.8,10.5,7.8,10.1,9.5,9.7,9.2,,12.2,10.5,10.5,9.4,9.0,8.2,9.2,12.7,"Profil généré pour Architecture avec accent sur dessin, interet_technologie, mathematiques."
E0011,LARC,Architecture,Sciences et Technologie,7.5,10.5,14.1,,13.2,5.4,,11.4,8.3,16.0,9.3,6.5,9.1,,,,7.2,14.2,"Profil généré pour Architecture avec accent sur dessin, interet_technologie, mathematiques."
E0012,LARC,Architecture,Sciences et Technologie,,,10.4,8.6,7.8,8.5,11.0,,12.3,15.7,8.4,7.4,10.4,,,8.3,,13.7,"Profil généré pour Architecture avec accent sur dessin, interet_technologie, mathematiques."
E0013,LARC,Architecture,Sciences et Technologie,8.7,9.7,12.5,10.9,,8.8,,9.1,13.9,19.5,10.3,6.1,,8.5,10.5,9.1,8.0,16.4,"Profil généré pour Architecture avec accent sur dessin, interet_technologie, mathematiques."
E0014,LARC,Architecture,Sciences et Technologie,6.9,13.7,15.7,10.0,8.7,9.8,10.2,9.7,12.8,19.5,9.2,6.3,10.6,6.3,7.5,9.3,9.3,14.7,"Profil généré pour Architecture avec accent sur dessin, interet_technologie, mathematiques."
E0015,LARC,Architecture,Sciences et Technologie,9.6,7.8,16.0,7.4,8.7,,9.2,,10.3,19.5,10.9,11.1,7.6,7.5,8.2,,6.7,16.4,"Profil généré pour Architecture avec accent sur dessin, interet_technologie, mathematiques."
E0016,LARC,Architecture,Sciences et Technologie,9.5,8.8,11.7,6.8,,8.9,9.1,10.6,11.7,19.5,,9.5,9.3,11.4,8.0,4.2,8.0,16.5,"Profil généré pour Architecture avec accent sur dessin, interet_technologie, mathematiques."
E0017,LARC,Architecture,Sciences et Technologie,9.4,6.8,16.4,,6.7,8.1,9.4,9.9,14.3,17.7,,,7.1,6.4,7.0,,7.4,,"Profil généré pour Architecture avec accent sur dessin, interet_technologie, mathematiques."
E0018,LARC,Architecture,Sciences et Technologie,,8.0,15.6,4.7,13.6,5.5,8.5,,12.9,19.5,10.1,8.7,5.9,8.3,8.2,6.5,9.1,15.6,"Profil généré pour Architecture avec accent sur dessin, interet_technologie, mathematiques."
E0019,LARC,Architecture,Sciences et Technologie,9.0,8.4,10.0,9.9,4.4,9.5,6.6,9.6,12.7,19.5,11.2,11.3,8.2,,7.7,9.1,10.2,13.8,"Profil généré pour Architecture avec accent sur dessin, interet_technologie, mathematiques."
E0020,LARC,Architecture,Sciences et Technologie,7.3,8.6,12.7,,,10.0,,10.3,12.0,16.7,11.0,7.2,11.0,6.3,11.1,,6.5,15.4,"Profil généré pour Architecture avec accent sur dessin, interet_technologie, mathematiques."
E0021,LARC,Architecture,Sciences et Technologie,9.3,,9.1,11.1,,10.7,9.9,7.4,11.5,19.5,11.8,10.5,9.8,10.1,,,7.5,18.3,"Profil généré pour Architecture avec accent sur dessin, interet_technologie, mathematiques."
E0022,LARC,Architecture,Sciences et Technologie,9.5,,11.1,9.1,,12.2,9.0,9.1,10.1,17.5,10.7,,10.8,,7.0,9.1,10.8,15.0,"Profil généré pour Architecture avec accent sur dessin, interet_technologie, mathematiques."
E0023,LARC,Architecture,Sciences et Technologie,8.6,9.5,12.0,8.3,9.5,8.1,6.9,5.6,12.1,19.5,10.5,7.0,7.6,,,11.9,11.7,15.5,"Profil généré pour Architecture avec accent sur dessin, interet_technologie, mathematiques."
E0024,LARC,Architecture,Sciences et Technologie,10.5,10.7,10.8,9.1,,9.8,10.2,6.4,10.8,19.0,7.6,,7.2,9.1,5.0,8.1,8.4,15.6,"Profil généré pour Architecture avec accent sur dessin, interet_technologie, mathematiques."
E0025,LARC,Architecture,Sciences et Technologie,9.5,,10.9,10.3,,10.9,7.4,6.2,12.7,18.3,13.2,6.7,7.1,9.7,7.4,10.6,6.8,17.1,"Profil généré pour Architecture avec accent sur dessin, interet_technologie, mathematiques."
E0026,LARC,Architecture,Sciences et Technologie,7.4,8.0,16.5,9.7,,9.8,12.0,10.1,,19.5,11.4,11.2,8.4,4.0,4.0,9.3,,17.7,"Profil généré pour Architecture avec accent sur dessin, interet_technologie, mathematiques."
E0027,LARC,Architecture,Sciences et Technologie,9.7,9.2,,6.5,7.7,,8.8,10.1,8.7,16.7,9.2,6.2,10.3,10.1,9.1,9.6,7.6,16.5,"Profil généré pour Architecture avec accent sur dessin, interet_technologie, mathematiques."
E0028,LARC,Architecture,Sciences et Technologie,8.8,10.4,11.9,8.9,8.3,,10.2,,8.4,16.6,6.5,9.1,8.4,9.6,9.2,4.7,4.6,13.8,"Profil généré pour Architecture avec accent sur dessin, interet_technologie, mathematiques."
E0029,LARC,Architecture,Sciences et Technologie,,8.0,15.7,12.7,7.3,10.3,7.6,8.0,10.8,13.3,9.7,6.5,9.3,9.2,8.2,7.7,,12.7,"Profil généré pour Architecture avec accent sur dessin, interet_technologie, mathematiques."
E0030,LARC,Architecture,Sciences et Technologie,8.9,7.0,11.8,12.1,14.1,,8.7,9.1,12.1,,9.0,9.0,9.3,,9.4,10.7,,15.6,"Profil généré pour Architecture avec accent sur dessin, interet_technologie, mathematiques."
E0031,LARC,Architecture,Sciences et Technologie,7.6,10.5,11.2,,,8.3,,9.0,,17.0,8.2,5.2,8.5,11.5,10.8,8.6,8.5,9.7,"Profil généré pour Architecture avec accent sur dessin, interet_technologie, mathematiques."
E0032,LARC,Architecture,Sciences et Technologie,,9.9,14.9,9.3,9.5,10.3,9.0,4.6,9.9,18.4,8.0,13.4,,6.9,8.3,8.3,7.1,15.9,"Profil généré pour Architecture avec accent sur dessin, interet_technologie, mathematiques."
E0033,LARC,Architecture,Sciences et Technologie,,9.0,12.5,10.1,11.8,,12.5,6.8,14.7,16.5,10.5,7.8,,,10.1,8.2,,12.0,"Profil généré pour Architecture avec accent sur dessin, interet_technologie, mathematiques."
E0034,LARC,Architecture,Sciences et Technologie,11.4,11.3,,9.9,8.0,10.0,7.0,9.2,10.6,19.5,12.6,7.2,8.0,9.1,5.2,5.7,11.2,15.8,"Profil généré pour Architecture avec accent sur dessin, interet_technologie, mathematiques."
E0035,LARC,Architecture,Sciences et Technologie,,8.1,13.3,8.2,8.8,10.2,,11.6,12.7,,12.7,8.6,5.1,,9.0,8.5,10.0,14.5,"Profil généré pour Architecture avec accent sur dessin, interet_technologie, mathematiques."
E0036,LARC,Architecture,Sciences et Technologie,9.5,6.2,11.0,9.1,4.4,10.4,4.5,11.2,11.4,19.5,10.5,,9.7,,7.5,,10.2,12.4,"Profil généré pour Architecture avec accent sur dessin, interet_technologie, mathematiques."
E0037,LCA,Communication Appliquée,Sciences de l'Homme et de la Société,16.3,10.3,,10.2,8.6,,8.1,,7.7,,19.5,11.6,13.9,8.1,15.9,10.1,10.1,9.2,"Profil généré pour Communication Appliquée avec accent sur communication, francais, interet_social."
E0038,LCA,Communication Appliquée,Sciences de l'Homme et de la Société,19.5,7.0,9.7,9.0,10.0,9.5,11.2,9.2,5.8,,19.5,9.7,12.1,5.6,17.4,9.5,,,"Profil généré pour Communication Appliquée avec accent sur communication, francais, interet_social."
E0039,LCA,Communication Appliquée,Sciences de l'Homme et de la Société,18.7,9.8,8.2,6.2,,13.0,10.7,9.4,9.7,9.3,19.5,12.1,12.6,7.4,16.8,7.7,6.3,,"Profil généré pour Communication Appliquée avec accent sur communication, francais, interet_social."
E0040,LCA,Communication Appliquée,Sciences de l'Homme et de la Société,19.4,8.9,11.7,,9.9,8.3,8.8,8.5,9.6,7.7,18.5,9.6,9.2,,17.0,4.4,,5.9,"Profil généré pour Communication Appliquée avec accent sur communication, francais, interet_social."
E0041,LCA,Communication Appliquée,Sciences de l'Homme et de la Société,19.2,10.4,7.5,,9.3,9.0,,7.8,6.9,6.9,18.0,11.5,14.0,8.9,16.6,9.5,4.9,8.9,"Profil généré pour Communication Appliquée avec accent sur communication, francais, interet_social."
E0042,LCA,Communication Appliquée,Sciences de l'Homme et de la Société,17.6,7.5,8.6,8.2,,5.2,10.0,11.5,12.6,10.3,17.4,10.5,13.5,11.5,13.1,9.5,,7.5,"Profil généré pour Communication Appliquée avec accent sur communication, francais, interet_social."
E0043,LCA,Communication Appliquée,Sciences de l'Homme et de la Société,16.0,11.0,,7.5,,6.9,10.3,9.5,12.6,,16.8,,13.8,,14.0,4.3,6.7,6.0,"Profil généré pour Communication Appliquée avec accent sur communication, francais, interet_social."
E0044,LCA,Communication Appliquée,Sciences de l'Homme et de la Société,15.5,9.2,9.4,7.1,11.0,6.4,11.4,8.7,8.3,,17.8,10.5,8.5,,15.0,10.6,10.5,,"Profil généré pour Communication Appliquée avec accent sur communication, francais, interet_social."
E0045,LCA,Communication Appliquée,Sciences de l'Homme et de la Société,14.3,9.5,11.0,10.8,8.6,10.0,,6.8,8.8,8.7,16.9,11.2,14.3,9.7,17.8,12.8,8.3,,"Profil généré pour Communication Appliquée avec accent sur communication, francais, interet_social."
E0046,LCA,Communication Appliquée,Sciences de l'Homme et de la Société,18.2,8.5,6.1,9.8,6.1,9.7,8.5,7.9,,10.2,19.5,,10.2,,17.1,12.8,8.9,7.6,"Profil généré pour Communication Appliquée avec accent sur communication, francais, interet_social."
E0047,LCA,Communication Appliquée,Sciences de l'Homme et de la Société,19.5,8.8,8.7,4.9,8.8,9.2,8.0,6.0,,,17.9,8.6,11.7,8.9,12.3,10.1,8.2,8.7,"Profil généré pour Communication Appliquée avec accent sur communication, francais, interet_social."
E0048,LCA,Communication Appliquée,Sciences de l'Homme et de la Société,19.1,11.0,8.0,8.1,7.6,7.8,11.0,12.9,,6.9,17.9,9.0,10.9,7.3,15.5,6.2,10.5,6.1,"Profil généré pour Communication Appliquée avec accent sur communication, francais, interet_social."
E0049,LCA,Communication Appliquée,Sciences de l'Homme et de la Société,18.3,4.0,10.2,11.0,,,9.5,,,,17.6,9.0,11.8,9.9,15.0,5.0,9.0,8.8,"Profil généré pour Communication Appliquée avec accent sur communication, francais, interet_social."
E0050,LCA,Communication Appliquée,Sciences de l'Homme et de la Société,17.5,9.0,10.4,10.2,10.2,11.9,8.6,9.6,9.7,9.2,17.4,8.6,14.7,6.3,12.8,,9.7,8.9,"Profil généré pour Communication Appliquée avec accent sur communication, francais, interet_social."
E0051,LCA,Communication Appliquée,Sciences de l'Homme et de la Société,,11.7,6.5,,10.8,9.3,10.2,10.2,8.0,6.9,15.8,14.2,,11.6,16.5,9.0,8.9,,"Profil généré pour Communication Appliquée avec accent sur communication, francais, interet_social."
E0052,LCA,Communication Appliquée,Sciences de l'Homme et de la Société,16.2,9.3,6.2,8.2,,,10.1,9.8,8.2,7.6,19.5,13.1,12.0,8.4,14.4,5.0,8.4,7.5,"Profil généré pour Communication Appliquée avec accent sur communication, francais, interet_social."
E0053,LCA,Communication Appliquée,Sciences de l'Homme et de la Société,15.1,8.2,6.6,8.9,7.8,6.7,6.8,9.1,7.6,7.4,19.2,7.7,13.5,10.6,15.8,8.8,8.0,,"Profil généré pour Communication Appliquée avec accent sur communication, francais, interet_social."
E0054,LCA,Communication Appliquée,Sciences de l'Homme et de la Société,18.0,11.2,,12.1,,9.4,9.9,8.8,8.5,8.5,17.7,8.5,,10.7,17.0,8.3,,7.3,"Profil généré pour Communication Appliquée avec accent sur communication, francais, interet_social."
E0055,LCA,Communication Appliquée,Sciences de l'Homme et de la Société,,7.8,10.1,12.2,9.0,9.3,7.8,10.6,7.6,8.9,16.4,6.2,12.2,8.1,15.6,9.8,10.3,9.0,"Profil généré pour Communication Appliquée avec accent sur communication, francais, interet_social."
E0056,LCA,Communication Appliquée,Sciences de l'Homme et de la Société,19.5,7.3,10.2,9.2,10.4,11.1,9.7,8.9,7.9,6.4,19.5,10.4,,,15.7,4.9,8.6,8.4,"Profil généré pour Communication Appliquée avec accent sur communication, francais, interet_social."
E0057,LCA,Communication Appliquée,Sciences de l'Homme et de la Société,,7.7,10.8,8.8,7.9,9.4,9.2,9.9,10.6,5.7,19.5,,12.6,11.5,14.9,,10.1,9.4,"Profil généré pour Communication Appliquée avec accent sur communication, francais, interet_social."
E0058,LCA,Communication Appliquée,Sciences de l'Homme et de la Société,17.5,11.0,9.1,9.1,9.3,8.1,10.9,13.7,12.6,8.4,18.3,12.5,11.1,9.7,13.0,,8.7,,"Profil généré pour Communication Appliquée avec accent sur communication, francais, interet_social."
E0059,LCA,Communication Appliquée,Sciences de l'Homme et de la Société,18.4,8.1,,7.3,10.0,10.1,,6.4,10.9,7.1,14.5,10.3,,8.3,14.7,6.7,,7.7,"Profil généré pour Communication Appliquée avec accent sur communication, francais, interet_social."
E0060,LCA,Communication Appliquée,Sciences de l'Homme et de la Société,19.5,8.0,9.3,8.7,8.6,8.0,9.2,11.7,8.2,10.1,19.5,13.3,11.5,9.0,15.2,8.7,8.7,,"Profil généré pour Communication Appliquée avec accent sur communication, francais, interet_social."
E0061,LCA,Communication Appliquée,Sciences de l'Homme et de la Société,19.5,9.2,6.7,,8.9,7.4,11.2,5.9,,,17.6,7.7,12.9,10.9,15.5,10.5,,8.7,"Profil généré pour Communication Appliquée avec accent sur communication, francais, interet_social."
E0062,LCA,Communication Appliquée,Sciences de l'Homme et de la Société,19.5,9.4,,7.0,,4.0,12.4,6.2,9.0,9.5,19.5,15.0,10.2,11.1,15.6,10.2,,,"Profil généré pour Communication Appliquée avec accent sur communication, francais, interet_social."
E0063,LCA,Communication Appliquée,Sciences de l'Homme et de la Société,15.0,8.6,9.0,9.5,9.5,9.2,9.7,10.2,8.5,11.3,17.9,11.2,17.3,10.8,13.6,,8.7,10.0,"Profil généré pour Communication Appliquée avec accent sur communication, francais, interet_social."
E0064,LCA,Communication Appliquée,Sciences de l'Homme et de la Société,19.5,,10.5,8.7,11.7,10.2,8.9,7.6,9.3,11.2,19.5,10.3,17.6,11.0,14.7,6.5,,7.9,"Profil généré pour Communication Appliquée avec accent sur communication, francais, interet_social."
E0065,LCA,Communication Appliquée,Sciences de l'Homme et de la Société,18.3,9.3,6.2,10.2,6.1,11.0,5.5,6.8,7.4,8.2,17.9,10.1,13.6,,16.8,4.2,6.9,5.4,"Profil généré pour Communication Appliquée avec accent sur communication, francais, interet_social."
E0066,LCA,Communication Appliquée,Sciences de l'Homme et de la Société,18.3,8.4,4.8,8.5,,11.1,8.0,12.8,10.8,9.2,16.1,7.2,,8.8,17.4,9.8,,7.7,"Profil généré pour Communication Appliquée avec accent sur communication, francais, interet_social."
E0067,LCA,Communication Appliquée,Sciences de l'Homme et de la Société,15.1,8.0,9.2,,,,6.9,8.1,11.4,9.0,17.1,11.3,14.7,9.4,15.9,6.9,,8.3,"Profil généré pour Communication Appliquée avec accent sur communication, francais, interet_social."
E0068,LCA,Communication Appliquée,Sciences de l'Homme et de la Société,19.5,10.2,10.5,10.4,11.0,8.8,8.0,10.8,,11.2,19.5,12.6,12.0,9.4,16.5,8.5,9.5,8.1,"Profil généré pour Communication Appliquée avec accent sur communication, francais, interet_social."
E0069,LCA,Communication Appliquée,Sciences de l'Homme et de la Société,17.8,13.2,8.9,10.9,11.1,9.4,,8.2,6.1,10.1,19.5,12.3,12.2,,17.2,8.3,4.7,7.8,"Profil généré pour Communication Appliquée avec accent sur communication, francais, interet_social."
E0070,LCA,Communication Appliquée,Sciences de l'Homme et de la Société,19.5,10.4,11.4,11.0,9.4,5.7,,12.4,8.9,7.5,19.5,9.1,12.9,9.8,16.5,9.1,7.0,9.3,"Profil généré pour Communication Appliquée avec accent sur communication, francais, interet_social."
E0071,LCA,Communication Appliquée,Sciences de l'Homme et de la Société,19.0,4.9,8.0,8.8,11.1,7.2,10.5,5.4,7.9,5.7,17.7,8.1,10.4,,13.9,10.9,7.0,8.7,"Profil généré pour Communication Appliquée avec accent sur communication, francais, interet_social."
E0072,LCA,Communication Appliquée,Sciences de l'Homme et de la Société,18.2,,8.6,7.9,8.8,7.3,8.7,8.9,13.3,5.6,17.6,,11.4,9.8,15.1,5.9,8.7,,"Profil généré pour Communication Appliquée avec accent sur communication, francais, interet_social."
E0073,LDR,Développement Rural,Sciences Agronomiques et Environnement,11.6,9.9,9.7,,,14.9,7.8,9.3,8.6,5.6,8.0,9.2,10.7,18.6,,,19.5,8.2,"Profil généré pour Développement Rural avec accent sur interet_environnement, terrain, biologie."
E0074,LDR,Développement Rural,Sciences Agronomiques et Environnement,10.4,,8.9,8.7,,15.0,9.3,5.9,7.9,7.4,15.2,7.4,15.1,15.0,9.6,12.9,13.9,7.0,"Profil généré pour Développement Rural avec accent sur interet_environnement, terrain, biologie."
E0075,LDR,Développement Rural,Sciences Agronomiques et Environnement,10.9,8.7,,8.3,9.2,13.1,9.6,10.6,6.1,,8.6,13.0,10.4,19.3,8.2,,18.3,6.7,"Profil généré pour Développement Rural avec accent sur interet_environnement, terrain, biologie."
E0076,LDR,Développement Rural,Sciences Agronomiques et Environnement,9.9,9.7,9.0,8.0,11.7,13.8,11.0,8.0,8.5,7.8,11.6,8.1,9.2,,6.0,7.8,,,"Profil généré pour Développement Rural avec accent sur interet_environnement, terrain, biologie."
E0077,LDR,Développement Rural,Sciences Agronomiques et Environnement,10.5,9.5,,8.8,12.5,19.5,10.8,7.2,8.8,9.4,10.0,,10.3,,7.4,10.3,19.5,8.9,"Profil généré pour Développement Rural avec accent sur interet_environnement, terrain, biologie."
E0078,LDR,Développement Rural,Sciences Agronomiques et Environnement,8.9,,6.4,7.6,7.0,14.0,10.3,5.7,7.1,9.2,7.3,10.0,9.6,18.0,8.5,10.8,15.7,7.0,"Profil généré pour Développement Rural avec accent sur interet_environnement, terrain, biologie."
E0079,LDR,Développement Rural,Sciences Agronomiques et Environnement,7.9,,10.8,7.4,8.0,17.1,,11.1,6.8,8.1,9.8,10.5,,,7.2,6.2,18.0,9.9,"Profil généré pour Développement Rural avec accent sur interet_environnement, terrain, biologie."
E0080,LDR,Développement Rural,Sciences Agronomiques et Environnement,8.4,,10.9,4.1,11.6,13.9,11.3,8.5,9.4,9.8,12.0,11.2,8.4,14.5,9.5,8.8,16.9,,"Profil généré pour Développement Rural avec accent sur interet_environnement, terrain, biologie."
E0081,LDR,Développement Rural,Sciences Agronomiques et Environnement,11.5,,10.9,8.9,9.2,13.8,7.9,,8.6,6.6,12.4,12.7,11.5,19.5,12.8,7.1,19.5,7.9,"Profil généré pour Développement Rural avec accent sur interet_environnement, terrain, biologie."
E0082,LDR,Développement Rural,Sciences Agronomiques et Environnement,12.5,8.5,5.4,8.5,13.2,12.3,12.0,7.9,9.7,8.0,7.5,12.2,8.7,15.6,6.1,10.4,17.5,9.1,"Profil généré pour Développement Rural avec accent sur interet_environnement, terrain, biologie."
E0083,LDR,Développement Rural,Sciences Agronomiques et Environnement,8.8,8.9,,8.1,,14.0,12.8,7.3,8.9,7.0,8.8,10.9,9.4,16.9,8.5,10.7,14.9,8.9,"Profil généré pour Développement Rural avec accent sur interet_environnement, terrain, biologie."
E0084,LDR,Développement Rural,Sciences Agronomiques et Environnement,11.3,9.0,,8.2,,13.0,6.9,9.3,11.2,,11.7,10.8,12.6,,9.9,8.4,19.1,6.2,"Profil généré pour Développement Rural avec accent sur interet_environnement, terrain, biologie."
E0085,LDR,Développement Rural,Sciences Agronomiques et Environnement,11.9,9.5,,7.5,9.6,16.5,9.4,8.9,7.7,10.2,9.9,8.9,11.3,19.3,8.2,,19.5,9.2,"Profil généré pour Développement Rural avec accent sur interet_environnement, terrain, biologie."
E0086,LDR,Développement Rural,Sciences Agronomiques et Environnement,,9.5,9.8,7.9,13.8,11.2,8.9,10.0,7.8,7.4,6.8,10.4,10.8,18.3,10.1,,16.0,7.2,"Profil généré pour Développement Rural avec accent sur interet_environnement, terrain, biologie."
E0087,LDR,Développement Rural,Sciences Agronomiques et Environnement,,8.4,6.4,9.2,8.8,12.9,10.8,8.0,8.4,9.8,10.7,11.7,9.1,,10.3,6.1,19.5,11.1,"Profil généré pour Développement Rural avec accent sur interet_environnement, terrain, biologie."
E0088,LDR,Développement Rural,Sciences Agronomiques et Environnement,,7.9,8.9,,,18.0,10.6,10.0,,,8.3,10.3,9.6,15.9,8.8,8.4,19.5,9.1,"Profil généré pour Développement Rural avec accent sur interet_environnement, terrain, biologie."
E0089,LDR,Développement Rural,Sciences Agronomiques et Environnement,8.4,7.0,11.9,,8.9,13.8,8.4,,7.0,5.2,9.1,11.2,11.3,19.5,10.4,6.6,19.5,,"Profil généré pour Développement Rural avec accent sur interet_environnement, terrain, biologie."
E0090,LDR,Développement Rural,Sciences Agronomiques et Environnement,9.8,,10.0,10.7,14.6,13.9,8.4,8.1,,11.0,9.4,13.5,6.1,,10.1,10.9,15.2,8.5,"Profil généré pour Développement Rural avec accent sur interet_environnement, terrain, biologie."
E0091,LDR,Développement Rural,Sciences Agronomiques et Environnement,9.1,8.6,7.1,,12.0,12.6,,,9.1,10.5,9.2,8.7,7.2,18.2,8.9,9.4,19.2,9.0,"Profil généré pour Développement Rural avec accent sur interet_environnement, terrain, biologie."
E0092,LDR,Développement Rural,Sciences Agronomiques et Environnement,6.2,,7.9,8.5,,15.8,,9.8,8.1,8.1,6.7,8.0,10.1,17.8,7.6,10.0,19.5,6.3,"Profil généré pour Développement Rural avec accent sur interet_environnement, terrain, biologie."
E0093,LDR,Développement Rural,Sciences Agronomiques et Environnement,12.0,8.9,,8.4,9.1,15.5,,8.8,7.2,9.7,9.4,9.9,11.5,17.1,9.4,8.7,19.5,8.6,"Profil généré pour Développement Rural avec accent sur interet_environnement, terrain, biologie."
E0094,LDR,Développement Rural,Sciences Agronomiques et Environnement,,8.2,,6.2,12.5,17.9,9.4,8.6,9.2,6.6,10.7,12.3,11.6,15.5,10.5,6.1,15.3,10.5,"Profil généré pour Développement Rural avec accent sur interet_environnement, terrain, biologie."
E0095,LDR,Développement Rural,Sciences Agronomiques et Environnement,11.6,10.6,10.3,,6.8,12.6,11.6,,8.6,8.6,13.0,9.8,11.7,16.0,,7.4,16.1,,"Profil généré pour Développement Rural avec accent sur interet_environnement, terrain, biologie."
E0096,LDR,Développement Rural,Sciences Agronomiques et Environnement,10.2,,6.1,11.8,6.6,15.0,8.7,9.6,6.6,8.4,8.4,10.5,9.7,,10.4,9.5,17.0,5.4,"Profil généré pour Développement Rural avec accent sur interet_environnement, terrain, biologie."
E0097,LDR,Développement Rural,Sciences Agronomiques et Environnement,9.7,,9.2,8.7,12.0,13.1,10.5,,,5.6,10.2,7.4,,18.2,12.2,8.9,18.2,10.9,"Profil généré pour Développement Rural avec accent sur interet_environnement, terrain, biologie."
E0098,LDR,Développement Rural,Sciences Agronomiques et Environnement,8.3,8.2,5.8,10.7,6.5,,,10.4,10.2,,6.5,12.0,9.6,18.9,6.9,8.4,19.3,10.7,"Profil généré pour Développement Rural avec accent sur interet_environnement, terrain, biologie."
E0099,LDR,Développement Rural,Sciences Agronomiques et Environnement,8.7,8.7,8.5,9.4,6.2,13.0,8.5,11.6,11.5,11.6,13.4,10.7,,13.4,11.4,,15.1,8.5,"Profil généré pour Développement Rural avec accent sur interet_environnement, terrain, biologie."
E0100,LDR,Développement Rural,Sciences Agronomiques et Environnement,9.2,9.9,5.5,12.6,10.1,15.4,10.0,8.2,9.5,9.8,12.3,9.7,6.6,16.9,8.2,,17.6,7.1,"Profil généré pour Développement Rural avec accent sur interet_environnement, terrain, biologie."
E0101,LDR,Développement Rural,Sciences Agronomiques et Environnement,10.1,8.5,10.2,9.1,,16.1,9.5,10.3,,,11.0,10.3,10.3,17.6,,11.3,18.3,7.1,"Profil généré pour Développement Rural avec accent sur interet_environnement, terrain, biologie."
E0102,LDR,Développement Rural,Sciences Agronomiques et Environnement,14.0,6.0,7.7,8.5,8.7,14.8,8.6,9.7,8.2,9.5,9.7,11.5,10.7,17.5,9.3,10.5,17.5,8.4,"Profil généré pour Développement Rural avec accent sur interet_environnement, terrain, biologie."
E0103,LDR,Développement Rural,Sciences Agronomiques et Environnement,,12.3,,,8.1,14.6,6.3,10.1,7.1,,8.5,10.4,4.3,,9.2,8.0,18.7,7.7,"Profil généré pour Développement Rural avec accent sur interet_environnement, terrain, biologie."
E0104,LDR,Développement Rural,Sciences Agronomiques et Environnement,9.3,8.5,11.2,8.6,8.5,13.5,8.2,12.9,7.6,9.5,9.4,11.2,,19.5,4.3,,15.0,7.2,"Profil généré pour Développement Rural avec accent sur interet_environnement, terrain, biologie."
E0105,LDR,Développement Rural,Sciences Agronomiques et Environnement,,9.0,9.7,10.3,12.0,13.3,12.0,,7.2,,10.6,10.4,9.5,,,8.6,18.4,7.2,"Profil généré pour Développement Rural avec accent sur interet_environnement, terrain, biologie."
E0106,LDR,Développement Rural,Sciences Agronomiques et Environnement,,10.1,6.5,7.9,10.2,,6.1,6.1,7.1,,9.0,5.8,8.4,,,6.5,19.2,9.9,"Profil généré pour Développement Rural avec accent sur interet_environnement, terrain, biologie."
E0107,LDR,Développement Rural,Sciences Agronomiques et Environnement,7.1,9.6,9.7,11.2,9.1,15.5,7.5,11.2,11.4,,8.5,9.7,9.0,16.9,7.4,10.9,19.5,8.1,"Profil généré pour Développement Rural avec accent sur interet_environnement, terrain, biologie."
E0108,LDR,Développement Rural,Sciences Agronomiques et Environnement,7.1,,9.4,12.1,9.5,12.6,,8.5,,7.9,10.4,9.8,7.1,,,9.4,14.2,10.1,"Profil généré pour Développement Rural avec accent sur interet_environnement, terrain, biologie."
E0109,LGAP,Gestion et Administration des Projets,Sciences Agronomiques et Environnement,8.4,9.8,11.1,9.5,12.1,8.8,13.4,9.0,9.7,6.2,6.7,15.0,9.4,12.8,9.6,12.0,11.3,8.2,"Profil généré pour Gestion et Administration des Projets avec accent sur leadership, terrain, interet_affaires."
E0110,LGAP,Gestion et Administration des Projets,Sciences Agronomiques et Environnement,8.9,7.3,8.7,8.7,,9.7,14.1,10.6,,,8.7,15.6,7.5,14.9,8.1,12.8,10.5,4.0,"Profil généré pour Gestion et Administration des Projets avec accent sur leadership, terrain, interet_affaires."
E0111,LGAP,Gestion et Administration des Projets,Sciences Agronomiques et Environnement,11.0,9.1,,7.5,8.2,,10.3,10.0,10.0,9.8,9.5,12.4,8.4,9.3,11.1,12.7,10.1,7.0,"Profil généré pour Gestion et Administration des Projets avec accent sur leadership, terrain, interet_affaires."
E0112,LGAP,Gestion et Administration des Projets,Sciences Agronomiques et Environnement,10.8,7.7,10.3,9.6,8.8,8.5,11.3,7.6,8.9,7.9,10.2,15.8,15.2,14.4,5.2,16.7,,11.1,"Profil généré pour Gestion et Administration des Projets avec accent sur leadership, terrain, interet_affaires."
E0113,LGAP,Gestion et Administration des Projets,Sciences Agronomiques et Environnement,8.0,,9.8,6.6,6.6,9.5,11.3,9.9,10.1,7.7,,15.9,7.6,15.2,,13.8,12.0,12.3,"Profil généré pour Gestion et Administration des Projets avec accent sur leadership, terrain, interet_affaires."
E0114,LGAP,Gestion et Administration des Projets,Sciences Agronomiques et Environnement,,11.3,9.5,5.3,7.5,10.0,,9.0,11.0,9.1,10.8,15.0,11.2,18.2,11.4,19.0,11.5,9.2,"Profil généré pour Gestion et Administration des Projets avec accent sur leadership, terrain, interet_affaires."
E0115,LGAP,Gestion et Administration des Projets,Sciences Agronomiques et Environnement,11.1,7.3,,,8.9,,9.6,7.1,9.4,9.4,8.5,,9.9,14.2,5.4,14.2,15.0,7.7,"Profil généré pour Gestion et Administration des Projets avec accent sur leadership, terrain, interet_affaires."
E0116,LGAP,Gestion et Administration des Projets,Sciences Agronomiques et Environnement,8.1,,8.7,7.1,,,11.3,7.3,4.4,,11.5,12.6,9.7,10.8,10.8,12.5,10.1,8.2,"Profil généré pour Gestion et Administration des Projets avec accent sur leadership, terrain, interet_affaires."
E0117,LGAP,Gestion et Administration des Projets,Sciences Agronomiques et Environnement,7.9,9.0,,,9.1,,13.0,10.1,7.3,7.7,7.2,,10.9,16.1,11.8,15.8,13.7,8.8,"Profil généré pour Gestion et Administration des Projets avec accent sur leadership, terrain, interet_affaires."
E0118,LGAP,Gestion et Administration des Projets,Sciences Agronomiques et Environnement,,11.0,8.1,9.6,4.9,9.9,11.5,,7.8,8.3,14.3,16.3,7.9,14.7,8.2,15.3,10.2,11.7,"Profil généré pour Gestion et Administration des Projets avec accent sur leadership, terrain, interet_affaires."
E0119,LGAP,Gestion et Administration des Projets,Sciences Agronomiques et Environnement,8.8,6.6,9.6,7.8,8.3,12.0,14.5,11.3,7.3,,8.8,10.9,8.2,18.4,10.8,11.9,11.4,8.3,"Profil généré pour Gestion et Administration des Projets avec accent sur leadership, terrain, interet_affaires."
E0120,LGAP,Gestion et Administration des Projets,Sciences Agronomiques et Environnement,8.7,11.2,9.7,11.1,6.4,7.2,13.4,8.7,,10.0,10.2,,10.5,13.3,4.6,11.2,10.8,8.5,"Profil généré pour Gestion et Administration des Projets avec accent sur leadership, terrain, interet_affaires."
E0121,LGAP,Gestion et Administration des Projets,Sciences Agronomiques et Environnement,8.6,9.7,13.4,8.5,9.4,,12.0,10.0,8.4,,8.5,16.8,9.9,14.1,9.2,13.0,13.1,7.3,"Profil généré pour Gestion et Administration des Projets avec accent sur leadership, terrain, interet_affaires."
E0122,LGAP,Gestion et Administration des Projets,Sciences Agronomiques et Environnement,9.8,12.2,7.7,9.6,8.1,9.4,9.0,,7.7,10.3,6.8,13.4,11.3,13.8,10.0,11.2,9.4,8.3,"Profil généré pour Gestion et Administration des Projets avec accent sur leadership, terrain, interet_affaires."
E0123,LGAP,Gestion et Administration des Projets,Sciences Agronomiques et Environnement,8.6,7.7,10.6,12.2,9.0,7.4,11.1,10.9,5.7,,5.0,15.5,,13.8,,13.7,14.1,9.7,"Profil généré pour Gestion et Administration des Projets avec accent sur leadership, terrain, interet_affaires."
E0124,LGAP,Gestion et Administration des Projets,Sciences Agronomiques et Environnement,8.6,,,9.8,12.0,6.6,13.9,9.7,4.6,10.4,11.3,17.6,9.8,17.8,7.7,15.9,12.2,9.2,"Profil généré pour Gestion et Administration des Projets avec accent sur leadership, terrain, interet_affaires."
E0125,LGAP,Gestion et Administration des Projets,Sciences Agronomiques et Environnement,9.6,12.4,,10.0,9.3,11.3,10.9,12.6,7.8,,6.6,,8.9,15.2,9.2,,9.4,,"Profil généré pour Gestion et Administration des Projets avec accent sur leadership, terrain, interet_affaires."
E0126,LGAP,Gestion et Administration des Projets,Sciences Agronomiques et Environnement,9.6,4.0,8.2,,10.6,8.9,13.0,9.3,7.3,9.8,,,7.9,12.2,9.5,17.6,15.0,11.8,"Profil généré pour Gestion et Administration des Projets avec accent sur leadership, terrain, interet_affaires."
E0127,LGAP,Gestion et Administration des Projets,Sciences Agronomiques et Environnement,8.2,9.3,11.4,10.4,7.0,9.2,,7.7,6.3,7.9,9.0,12.5,9.6,13.5,8.5,10.8,11.8,9.5,"Profil généré pour Gestion et Administration des Projets avec accent sur leadership, terrain, interet_affaires."
E0128,LGAP,Gestion et Administration des Projets,Sciences Agronomiques et Environnement,7.5,9.8,11.0,7.9,10.6,,8.2,8.9,9.4,8.4,10.4,15.0,13.0,,7.1,14.5,12.2,8.3,"Profil généré pour Gestion et Administration des Projets avec accent sur leadership, terrain, interet_affaires."
E0129,LGAP,Gestion et Administration des Projets,Sciences Agronomiques et Environnement,,7.1,10.6,9.9,12.2,9.3,11.3,9.3,9.5,11.2,8.1,12.6,9.4,18.4,9.7,14.4,10.3,8.6,"Profil généré pour Gestion et Administration des Projets avec accent sur leadership, terrain, interet_affaires."
E0130,LGAP,Gestion et Administration des Projets,Sciences Agronomiques et Environnement,7.5,9.1,6.6,12.6,,10.3,15.2,9.6,9.8,8.2,10.6,15.2,8.2,18.6,7.5,13.2,12.7,8.8,"Profil généré pour Gestion et Administration des Projets avec accent sur leadership, terrain, interet_affaires."
E0131,LGAP,Gestion et Administration des Projets,Sciences Agronomiques et Environnement,10.0,8.2,11.6,10.4,8.2,11.3,9.3,7.0,6.1,5.4,10.6,14.2,6.2,13.6,,10.3,10.7,12.2,"Profil généré pour Gestion et Administration des Projets avec accent sur leadership, terrain, interet_affaires."
E0132,LGAP,Gestion et Administration des Projets,Sciences Agronomiques et Environnement,11.2,7.8,8.6,10.1,9.9,9.2,12.5,9.2,9.3,,9.1,16.3,7.0,,8.0,12.4,15.6,10.6,"Profil généré pour Gestion et Administration des Projets avec accent sur leadership, terrain, interet_affaires."
E0133,LGAP,Gestion et Administration des Projets,Sciences Agronomiques et Environnement,7.5,8.8,11.3,8.2,9.1,9.3,15.3,,8.8,9.9,7.9,15.4,8.9,,10.0,10.7,14.7,9.1,"Profil généré pour Gestion et Administration des Projets avec accent sur leadership, terrain, interet_affaires."
E0134,LGAP,Gestion et Administration des Projets,Sciences Agronomiques et Environnement,10.2,12.1,8.3,9.5,,9.7,12.6,8.7,11.5,9.0,11.9,15.1,11.0,15.2,9.6,11.9,13.2,7.3,"Profil généré pour Gestion et Administration des Projets avec accent sur leadership, terrain, interet_affaires."
E0135,LGAP,Gestion et Administration des Projets,Sciences Agronomiques et Environnement,8.4,8.7,10.8,8.2,9.3,11.0,,5.9,6.4,9.7,9.0,12.4,,15.8,,13.2,12.2,7.2,"Profil généré pour Gestion et Administration des Projets avec accent sur leadership, terrain, interet_affaires."
E0136,LGAP,Gestion et Administration des Projets,Sciences Agronomiques et Environnement,6.1,9.8,9.5,6.7,,8.2,12.2,10.6,11.0,7.1,5.1,14.9,5.6,,8.4,10.4,11.3,,"Profil généré pour Gestion et Administration des Projets avec accent sur leadership, terrain, interet_affaires."
E0137,LGAP,Gestion et Administration des Projets,Sciences Agronomiques et Environnement,5.7,,7.2,9.0,,11.0,13.2,8.5,,,,14.7,5.2,,7.6,16.5,14.9,9.2,"Profil généré pour Gestion et Administration des Projets avec accent sur leadership, terrain, interet_affaires."
E0138,LGAP,Gestion et Administration des Projets,Sciences Agronomiques et Environnement,7.8,,8.6,,,12.7,14.0,,,13.2,8.0,18.1,,13.6,7.8,14.2,12.3,,"Profil généré pour Gestion et Administration des Projets avec accent sur leadership, terrain, interet_affaires."
E0139,LGAP,Gestion et Administration des Projets,Sciences Agronomiques et Environnement,8.6,10.2,6.4,8.9,11.7,,13.2,9.0,6.5,,10.7,16.1,,17.0,8.7,11.7,10.4,8.4,"Profil généré pour Gestion et Administration des Projets avec accent sur leadership, terrain, interet_affaires."
E0140,LGAP,Gestion et Administration des Projets,Sciences Agronomiques et Environnement,10.2,7.8,7.9,8.9,11.9,7.4,8.3,10.8,10.3,8.2,12.2,17.7,5.9,,8.4,12.4,11.7,8.5,"Profil généré pour Gestion et Administration des Projets avec accent sur leadership, terrain, interet_affaires."
E0141,LGAP,Gestion et Administration des Projets,Sciences Agronomiques et Environnement,9.9,10.0,10.7,,,8.1,11.0,8.6,7.2,6.6,11.2,14.5,,17.2,,9.5,13.4,9.2,"Profil généré pour Gestion et Administration des Projets avec accent sur leadership, terrain, interet_affaires."
E0142,LGAP,Gestion et Administration des Projets,Sciences Agronomiques et Environnement,9.7,10.6,8.0,7.9,,7.7,13.2,10.4,,14.8,9.0,13.7,12.1,15.1,9.4,9.0,12.2,9.4,"Profil généré pour Gestion et Administration des Projets avec accent sur leadership, terrain, interet_affaires."
E0143,LGAP,Gestion et Administration des Projets,Sciences Agronomiques et Environnement,6.3,10.3,10.6,,,,10.9,6.3,7.2,9.5,6.7,15.5,9.9,14.3,8.7,,12.4,7.1,"Profil généré pour Gestion et Administration des Projets avec accent sur leadership, terrain, interet_affaires."
E0144,LGAP,Gestion et Administration des Projets,Sciences Agronomiques et Environnement,11.1,12.2,8.4,10.3,7.1,,13.6,11.4,9.5,6.3,,16.1,7.5,,9.2,14.5,12.5,,"Profil généré pour Gestion et Administration des Projets avec accent sur leadership, terrain, interet_affaires."
E0145,LGC,Génie Civil,Sciences et Technologie,9.4,5.4,15.7,17.0,,9.5,,10.6,13.8,,9.3,8.4,12.6,,11.7,9.1,7.4,15.9,"Profil généré pour Génie Civil avec accent sur mathematiques, physique, logique."
E0146,LGC,Génie Civil,Sciences et Technologie,11.5,8.5,19.5,15.5,,6.7,,11.9,11.7,10.4,9.8,10.1,5.8,8.4,6.1,8.9,,12.0,"Profil généré pour Génie Civil avec accent sur mathematiques, physique, logique."
E0147,LGC,Génie Civil,Sciences et Technologie,8.0,11.4,19.1,15.5,,8.7,10.3,,15.7,,7.0,,7.9,,8.5,,10.6,9.9,"Profil généré pour Génie Civil avec accent sur mathematiques, physique, logique."
E0148,LGC,Génie Civil,Sciences et Technologie,9.3,7.4,16.1,17.0,11.3,10.6,8.7,8.7,14.7,11.4,10.7,8.1,,7.1,,6.7,7.5,15.3,"Profil généré pour Génie Civil avec accent sur mathematiques, physique, logique."
E0149,LGC,Génie Civil,Sciences et Technologie,7.7,7.7,,15.8,,10.1,7.6,,13.3,,6.8,9.8,9.0,11.3,7.4,7.8,11.1,12.1,"Profil généré pour Génie Civil avec accent sur mathematiques, physique, logique."
E0150,LGC,Génie Civil,Sciences et Technologie,7.5,8.7,,17.0,7.7,8.9,9.6,7.4,16.3,10.4,10.1,8.9,12.1,9.6,,9.5,8.2,14.6,"Profil généré pour Génie Civil avec accent sur mathematiques, physique, logique."
E0151,LGC,Génie Civil,Sciences et Technologie,,9.8,18.0,19.5,8.8,10.6,,11.0,16.0,,9.7,,8.0,,8.2,8.6,10.2,15.0,"Profil généré pour Génie Civil avec accent sur mathematiques, physique, logique."
E0152,LGC,Génie Civil,Sciences et Technologie,7.7,8.4,19.5,17.4,6.7,9.2,,7.8,17.2,9.1,8.8,9.9,9.3,,10.7,4.0,12.0,16.7,"Profil généré pour Génie Civil avec accent sur mathematiques, physique, logique."
E0153,LGC,Génie Civil,Sciences et Technologie,4.8,,18.0,11.1,12.1,5.4,7.5,9.1,11.3,13.9,,8.4,9.3,9.4,9.0,8.3,8.2,15.2,"Profil généré pour Génie Civil avec accent sur mathematiques, physique, logique."
E0154,LGC,Génie Civil,Sciences et Technologie,9.1,8.4,16.4,17.8,8.0,8.3,7.2,11.8,16.3,13.4,8.5,10.2,9.4,7.9,8.0,9.6,6.7,16.0,"Profil généré pour Génie Civil avec accent sur mathematiques, physique, logique."
E0155,LGC,Génie Civil,Sciences et Technologie,,9.7,,,10.9,9.3,9.0,9.3,11.5,11.9,,11.5,,,5.3,9.9,9.6,14.9,"Profil généré pour Génie Civil avec accent sur mathematiques, physique, logique."
E0156,LGC,Génie Civil,Sciences et Technologie,,,18.6,18.8,9.4,8.7,4.0,,,10.1,12.0,9.3,,,9.1,8.8,7.4,11.2,"Profil généré pour Génie Civil avec accent sur mathematiques, physique, logique."
E0157,LGC,Génie Civil,Sciences et Technologie,12.2,7.4,19.5,,,9.7,8.6,7.6,14.4,11.4,8.4,7.3,8.0,12.4,9.5,,9.0,14.9,"Profil généré pour Génie Civil avec accent sur mathematiques, physique, logique."
E0158,LGC,Génie Civil,Sciences et Technologie,,8.6,18.9,19.5,8.0,9.4,7.5,5.4,12.5,,8.5,9.9,10.3,,8.4,,5.9,12.3,"Profil généré pour Génie Civil avec accent sur mathematiques, physique, logique."
E0159,LGC,Génie Civil,Sciences et Technologie,11.4,11.2,19.5,14.4,11.4,12.6,,,17.2,9.0,11.1,,8.9,,12.1,8.1,,13.7,"Profil généré pour Génie Civil avec accent sur mathematiques, physique, logique."
E0160,LGC,Génie Civil,Sciences et Technologie,8.6,12.0,,16.2,8.0,,8.6,7.4,17.1,,8.7,9.6,9.2,8.5,11.6,6.3,,15.5,"Profil généré pour Génie Civil avec accent sur mathematiques, physique, logique."
E0161,LGC,Génie Civil,Sciences et Technologie,7.8,9.0,17.3,,,6.3,4.0,5.7,13.7,15.9,10.3,7.9,,,5.9,7.8,,17.6,"Profil généré pour Génie Civil avec accent sur mathematiques, physique, logique."
E0162,LGC,Génie Civil,Sciences et Technologie,8.8,11.7,19.5,17.3,,8.0,,11.7,15.1,5.7,8.7,9.3,5.2,,6.8,,8.9,14.6,"Profil généré pour Génie Civil avec accent sur mathematiques, physique, logique."
E0163,LGC,Génie Civil,Sciences et Technologie,4.0,7.2,19.0,14.4,,7.4,10.8,10.9,15.1,9.9,6.6,9.2,10.5,9.6,11.1,8.0,8.0,12.7,"Profil généré pour Génie Civil avec accent sur mathematiques, physique, logique."
E0164,LGC,Génie Civil,Sciences et Technologie,8.9,6.6,17.9,,8.7,8.3,12.6,,12.0,,,9.9,9.6,,6.8,6.1,9.0,8.1,"Profil généré pour Génie Civil avec accent sur mathematiques, physique, logique."
E0165,LGC,Génie Civil,Sciences et Technologie,6.4,5.0,17.4,14.9,10.3,7.8,,8.1,17.1,8.7,8.9,7.7,12.1,9.3,12.9,7.2,,12.9,"Profil généré pour Génie Civil avec accent sur mathematiques, physique, logique."
E0166,LGC,Génie Civil,Sciences et Technologie,6.6,,19.5,,8.5,10.4,11.3,8.7,15.5,14.1,7.2,8.8,12.0,,10.2,7.6,4.8,13.1,"Profil généré pour Génie Civil avec accent sur mathematiques, physique, logique."
E0167,LGC,Génie Civil,Sciences et Technologie,12.2,,17.5,17.9,9.1,11.9,10.2,8.9,17.6,9.6,12.1,7.6,4.3,9.1,5.0,10.3,8.9,17.2,"Profil généré pour Génie Civil avec accent sur mathematiques, physique, logique."
E0168,LGC,Génie Civil,Sciences et Technologie,10.5,8.6,17.7,17.0,7.2,9.2,7.5,,10.9,7.4,7.9,,11.2,,8.0,7.3,7.3,12.2,"Profil généré pour Génie Civil avec accent sur mathematiques, physique, logique."
E0169,LGC,Génie Civil,Sciences et Technologie,,10.6,19.1,19.0,12.3,,6.6,8.0,15.2,12.4,11.3,8.1,9.4,10.3,7.5,10.2,8.5,12.4,"Profil généré pour Génie Civil avec accent sur mathematiques, physique, logique."
E0170,LGC,Génie Civil,Sciences et Technologie,,,18.7,15.9,,10.0,8.8,10.3,15.6,9.8,10.1,9.5,11.2,9.1,7.5,8.7,6.4,10.5,"Profil généré pour Génie Civil avec accent sur mathematiques, physique, logique."
E0171,LGC,Génie Civil,Sciences et Technologie,11.8,8.6,19.5,13.1,5.8,11.3,,9.1,17.0,8.7,7.3,6.5,9.2,9.5,8.3,10.3,,12.3,"Profil généré pour Génie Civil avec accent sur mathematiques, physique, logique."
E0172,LGC,Génie Civil,Sciences et Technologie,5.7,6.5,19.4,15.9,7.6,11.1,8.6,,13.8,9.1,8.7,,7.5,,,7.9,,17.0,"Profil généré pour Génie Civil avec accent sur mathematiques, physique, logique."
E0173,LGC,Génie Civil,Sciences et Technologie,9.2,9.3,19.5,17.3,7.4,6.9,12.7,,16.0,,9.0,8.5,6.7,10.3,6.8,6.0,10.0,13.7,"Profil généré pour Génie Civil avec accent sur mathematiques, physique, logique."
E0174,LGC,Génie Civil,Sciences et Technologie,12.2,7.2,16.5,19.5,,8.9,4.2,8.9,17.0,12.4,7.4,,,,9.9,,10.7,14.2,"Profil généré pour Génie Civil avec accent sur mathematiques, physique, logique."
E0175,LGC,Génie Civil,Sciences et Technologie,8.2,10.4,17.5,16.7,9.2,8.3,11.3,,14.8,11.0,13.7,10.3,9.3,5.9,,,8.1,13.3,"Profil généré pour Génie Civil avec accent sur mathematiques, physique, logique."
E0176,LGC,Génie Civil,Sciences et Technologie,8.0,8.9,16.6,15.2,,5.4,10.6,13.0,16.5,10.1,10.8,9.2,,7.8,8.3,5.9,6.9,13.1,"Profil généré pour Génie Civil avec accent sur mathematiques, physique, logique."
E0177,LGC,Génie Civil,Sciences et Technologie,10.1,11.0,19.5,13.2,,11.8,11.5,6.9,14.7,,10.9,8.9,12.0,7.3,6.5,8.3,8.6,,"Profil généré pour Génie Civil avec accent sur mathematiques, physique, logique."
E0178,LGC,Génie Civil,Sciences et Technologie,9.0,9.8,19.5,19.5,8.3,7.7,11.7,,16.3,7.3,5.5,9.3,8.7,,7.3,9.2,9.9,13.1,"Profil généré pour Génie Civil avec accent sur mathematiques, physique, logique."
E0179,LGC,Génie Civil,Sciences et Technologie,7.2,10.6,19.5,18.7,8.7,10.1,4.5,8.9,18.3,10.3,11.0,8.7,11.6,7.7,9.4,7.5,9.1,13.3,"Profil généré pour Génie Civil avec accent sur mathematiques, physique, logique."
E0180,LGC,Génie Civil,Sciences et Technologie,8.7,9.4,19.5,17.0,,9.0,9.2,6.0,14.4,,11.5,8.6,5.7,13.4,8.3,8.0,10.0,12.5,"Profil généré pour Génie Civil avec accent sur mathematiques, physique, logique."
E0181,LGE,Génie Électrique,Sciences et Technologie,6.0,,19.5,18.1,10.0,6.5,8.5,12.1,14.4,8.6,6.8,8.1,,8.4,7.1,6.1,6.7,14.0,"Profil généré pour Génie Électrique avec accent sur physique, mathematiques, interet_technologie."
E0182,LGE,Génie Électrique,Sciences et Technologie,,8.3,15.5,15.0,9.4,8.9,,8.1,7.5,8.6,5.9,8.8,6.5,10.2,10.3,6.7,11.2,17.6,"Profil généré pour Génie Électrique avec accent sur physique, mathematiques, interet_technologie."
E0183,LGE,Génie Électrique,Sciences et Technologie,9.6,10.2,16.7,17.2,,9.9,6.8,13.8,12.5,11.6,,8.9,6.5,12.7,8.0,10.4,8.3,18.1,"Profil généré pour Génie Électrique avec accent sur physique, mathematiques, interet_technologie."
E0184,LGE,Génie Électrique,Sciences et Technologie,6.9,8.3,13.7,14.5,10.3,9.6,9.1,10.0,8.9,8.1,8.8,10.2,11.0,,9.1,8.6,,13.9,"Profil généré pour Génie Électrique avec accent sur physique, mathematiques, interet_technologie."
E0185,LGE,Génie Électrique,Sciences et Technologie,8.8,13.2,18.8,14.9,8.3,8.6,10.7,,13.7,,12.2,10.3,,8.5,4.0,,8.0,16.3,"Profil généré pour Génie Électrique avec accent sur physique, mathematiques, interet_technologie."
E0186,LGE,Génie Électrique,Sciences et Technologie,9.0,,18.2,15.1,9.1,9.9,9.3,12.9,15.3,8.8,10.4,,9.2,8.6,7.8,8.8,6.6,17.1,"Profil généré pour Génie Électrique avec accent sur physique, mathematiques, interet_technologie."
E0187,LGE,Génie Électrique,Sciences et Technologie,10.7,7.6,16.3,13.3,,7.7,7.5,12.1,14.4,,10.2,6.1,8.6,8.4,11.0,8.1,8.4,14.0,"Profil généré pour Génie Électrique avec accent sur physique, mathematiques, interet_technologie."
E0188,LGE,Génie Électrique,Sciences et Technologie,9.4,,18.6,17.7,8.0,8.8,5.4,,15.2,10.4,10.4,12.3,10.3,8.9,9.6,8.2,11.6,17.1,"Profil généré pour Génie Électrique avec accent sur physique, mathematiques, interet_technologie."
E0189,LGE,Génie Électrique,Sciences et Technologie,6.8,11.0,19.5,16.6,5.6,10.0,6.2,9.6,9.5,9.7,10.3,6.8,,9.1,10.4,,9.3,13.3,"Profil généré pour Génie Électrique avec accent sur physique, mathematiques, interet_technologie."
E0190,LGE,Génie Électrique,Sciences et Technologie,7.6,,17.7,15.9,8.3,9.3,11.7,10.6,13.3,7.9,,11.7,9.4,,11.5,7.8,6.3,14.8,"Profil généré pour Génie Électrique avec accent sur physique, mathematiques, interet_technologie."
E0191,LGE,Génie Électrique,Sciences et Technologie,11.1,12.6,17.2,,,12.2,12.5,7.4,10.6,9.0,7.8,8.5,9.8,5.1,9.2,10.2,8.6,10.8,"Profil généré pour Génie Électrique avec accent sur physique, mathematiques, interet_technologie."
E0192,LGE,Génie Électrique,Sciences et Technologie,7.4,,18.1,,,10.5,7.1,13.5,13.7,6.6,8.7,11.2,,,9.3,,6.7,18.4,"Profil généré pour Génie Électrique avec accent sur physique, mathematiques, interet_technologie."
E0193,LGE,Génie Électrique,Sciences et Technologie,9.3,,18.4,14.5,8.9,8.3,7.6,11.0,12.9,8.4,7.6,14.9,6.5,,8.1,11.4,10.3,14.5,"Profil généré pour Génie Électrique avec accent sur physique, mathematiques, interet_technologie."
E0194,LGE,Génie Électrique,Sciences et Technologie,9.2,10.5,18.8,16.2,9.4,9.6,10.4,12.3,16.3,,8.1,11.5,8.8,,9.1,9.0,9.6,17.6,"Profil généré pour Génie Électrique avec accent sur physique, mathematiques, interet_technologie."
E0195,LGE,Génie Électrique,Sciences et Technologie,7.1,7.3,19.2,16.7,10.5,10.3,9.1,9.2,13.1,,7.0,8.3,6.3,8.3,6.9,8.7,8.4,14.6,"Profil généré pour Génie Électrique avec accent sur physique, mathematiques, interet_technologie."
E0196,LGE,Génie Électrique,Sciences et Technologie,6.7,7.3,17.7,16.5,9.7,12.0,,14.0,13.8,,6.6,10.6,7.3,,8.7,11.5,11.0,16.4,"Profil généré pour Génie Électrique avec accent sur physique, mathematiques, interet_technologie."
E0197,LGE,Génie Électrique,Sciences et Technologie,10.0,8.0,15.8,19.5,10.0,6.4,7.2,14.5,10.3,7.3,,6.2,8.3,7.9,11.7,8.2,7.0,14.5,"Profil généré pour Génie Électrique avec accent sur physique, mathematiques, interet_technologie."
E0198,LGE,Génie Électrique,Sciences et Technologie,9.1,7.9,,,5.7,,8.5,15.0,,9.0,8.7,8.5,7.0,10.5,11.0,7.7,10.6,19.5,"Profil généré pour Génie Électrique avec accent sur physique, mathematiques, interet_technologie."
E0199,LGE,Génie Électrique,Sciences et Technologie,11.4,7.2,16.4,19.5,,,,13.1,12.9,,7.1,8.4,10.2,,,8.6,9.3,17.5,"Profil généré pour Génie Électrique avec accent sur physique, mathematiques, interet_technologie."
E0200,LGE,Génie Électrique,Sciences et Technologie,6.5,8.6,16.4,16.1,,9.1,11.0,13.3,,6.8,,6.6,4.6,10.6,8.5,11.3,6.9,15.8,"Profil généré pour Génie Électrique avec accent sur physique, mathematiques, interet_technologie."
E0201,LGE,Génie Électrique,Sciences et Technologie,9.4,7.5,18.6,12.8,7.6,6.7,8.7,14.4,11.7,8.4,10.9,11.4,10.4,,8.7,10.6,,14.4,"Profil généré pour Génie Électrique avec accent sur physique, mathematiques, interet_technologie."
E0202,LGE,Génie Électrique,Sciences et Technologie,9.4,,12.7,18.4,8.4,11.6,7.8,11.3,13.6,9.2,8.3,9.3,,7.9,10.7,6.7,4.2,16.6,"Profil généré pour Génie Électrique avec accent sur physique, mathematiques, interet_technologie."
E0203,LGE,Génie Électrique,Sciences et Technologie,8.3,9.8,17.9,16.1,6.7,7.0,,11.1,14.8,,7.9,7.7,7.6,,6.3,8.8,8.3,16.0,"Profil généré pour Génie Électrique avec accent sur physique, mathematiques, interet_technologie."
E0204,LGE,Génie Électrique,Sciences et Technologie,4.3,9.8,17.4,,10.1,8.4,6.3,12.8,18.7,,,8.3,6.5,9.5,9.9,9.0,8.7,17.7,"Profil généré pour Génie Électrique avec accent sur physique, mathematiques, interet_technologie."
E0205,LGE,Génie Électrique,Sciences et Technologie,8.1,9.7,15.4,16.2,7.8,,4.3,9.6,11.6,,11.4,11.0,,11.0,9.8,6.4,6.8,15.1,"Profil généré pour Génie Électrique avec accent sur physique, mathematiques, interet_technologie."
E0206,LGE,Génie Électrique,Sciences et Technologie,6.7,7.1,19.5,15.8,,10.3,6.9,12.0,12.3,8.1,7.8,10.5,11.5,,9.1,8.5,5.5,15.8,"Profil généré pour Génie Électrique avec accent sur physique, mathematiques, interet_technologie."
E0207,LGE,Génie Électrique,Sciences et Technologie,8.1,8.9,19.5,18.9,10.5,,11.2,14.5,9.7,6.2,,,8.3,,10.1,6.9,10.4,15.0,"Profil généré pour Génie Électrique avec accent sur physique, mathematiques, interet_technologie."
E0208,LGE,Génie Électrique,Sciences et Technologie,9.4,,18.3,19.5,,8.3,,11.8,11.7,9.4,9.5,,7.0,10.5,7.4,7.6,7.6,11.9,"Profil généré pour Génie Électrique avec accent sur physique, mathematiques, interet_technologie."
E0209,LGE,Génie Électrique,Sciences et Technologie,,8.0,17.3,19.5,,11.4,8.8,9.7,14.1,8.4,,10.2,8.5,7.3,11.2,10.4,8.5,15.2,"Profil généré pour Génie Électrique avec accent sur physique, mathematiques, interet_technologie."
E0210,LGE,Génie Électrique,Sciences et Technologie,9.8,8.6,19.4,16.4,9.3,9.0,8.5,12.4,9.6,7.3,9.9,,,8.9,7.5,10.4,,14.4,"Profil généré pour Génie Électrique avec accent sur physique, mathematiques, interet_technologie."
E0211,LGE,Génie Électrique,Sciences et Technologie,8.7,8.6,19.5,19.5,8.4,6.2,8.3,9.9,11.5,,,6.5,10.5,,9.2,6.8,9.8,11.3,"Profil généré pour Génie Électrique avec accent sur physique, mathematiques, interet_technologie."
E0212,LGE,Génie Électrique,Sciences et Technologie,9.8,9.0,17.2,15.2,,11.1,12.7,11.1,13.8,6.6,9.5,9.0,8.7,10.7,9.5,5.8,9.6,18.7,"Profil généré pour Génie Électrique avec accent sur physique, mathematiques, interet_technologie."
E0213,LGE,Génie Électrique,Sciences et Technologie,9.3,8.6,16.3,16.6,6.8,8.7,10.6,13.9,13.0,9.0,8.3,7.5,8.0,,6.4,7.4,6.0,16.3,"Profil généré pour Génie Électrique avec accent sur physique, mathematiques, interet_technologie."
E0214,LGE,Génie Électrique,Sciences et Technologie,7.9,7.7,18.8,,,8.1,10.3,8.4,8.6,,6.0,8.1,9.2,,10.5,5.5,5.6,13.9,"Profil généré pour Génie Électrique avec accent sur physique, mathematiques, interet_technologie."
E0215,LGE,Génie Électrique,Sciences et Technologie,6.1,7.7,17.0,19.1,,10.0,9.4,9.4,13.2,11.3,12.0,9.6,6.0,9.6,8.1,5.7,6.5,14.6,"Profil généré pour Génie Électrique avec accent sur physique, mathematiques, interet_technologie."
E0216,LGE,Génie Électrique,Sciences et Technologie,7.5,9.1,16.4,19.5,12.1,10.4,7.1,10.6,12.3,8.9,,9.3,13.8,7.9,,9.3,9.1,14.5,"Profil généré pour Génie Électrique avec accent sur physique, mathematiques, interet_technologie."
E0217,LGEOT,Gestion des Entreprises et Organisation du Travail,Sciences Économiques et de Gestion,5.6,7.6,6.0,5.9,6.8,11.1,18.4,7.6,8.3,8.1,12.0,16.9,9.2,9.5,8.9,14.5,6.0,11.5,"Profil généré pour Gestion des Entreprises et Organisation du Travail avec accent sur interet_affaires, economie, leadership."
E0218,LGEOT,Gestion des Entreprises et Organisation du Travail,Sciences Économiques et de Gestion,10.4,8.1,4.0,11.0,,,15.8,7.9,13.7,,11.3,17.5,9.6,9.8,9.6,19.5,6.0,12.4,"Profil généré pour Gestion des Entreprises et Organisation du Travail avec accent sur interet_affaires, economie, leadership."
E0219,LGEOT,Gestion des Entreprises et Organisation du Travail,Sciences Économiques et de Gestion,10.1,7.7,11.2,8.6,,9.8,18.5,10.9,,6.7,10.5,15.2,11.2,6.8,,18.7,4.1,8.3,"Profil généré pour Gestion des Entreprises et Organisation du Travail avec accent sur interet_affaires, economie, leadership."
E0220,LGEOT,Gestion des Entreprises et Organisation du Travail,Sciences Économiques et de Gestion,7.5,8.2,7.0,,,7.6,13.6,11.4,9.7,,9.2,16.4,10.2,,10.4,19.2,8.3,,"Profil généré pour Gestion des Entreprises et Organisation du Travail avec accent sur interet_affaires, economie, leadership."
E0221,LGEOT,Gestion des Entreprises et Organisation du Travail,Sciences Économiques et de Gestion,8.7,11.0,7.2,5.9,,8.0,14.2,,10.9,6.5,9.7,14.7,9.9,7.8,8.1,17.8,9.3,8.3,"Profil généré pour Gestion des Entreprises et Organisation du Travail avec accent sur interet_affaires, economie, leadership."
E0222,LGEOT,Gestion des Entreprises et Organisation du Travail,Sciences Économiques et de Gestion,7.1,9.4,12.1,8.0,7.9,6.7,15.0,5.9,8.1,8.4,9.7,16.1,8.7,7.2,9.2,14.0,9.4,7.4,"Profil généré pour Gestion des Entreprises et Organisation du Travail avec accent sur interet_affaires, economie, leadership."
E0223,LGEOT,Gestion des Entreprises et Organisation du Travail,Sciences Économiques et de Gestion,8.2,6.6,,8.8,9.1,8.5,16.7,9.4,9.1,,10.2,13.2,9.3,,10.9,17.7,7.2,9.0,"Profil généré pour Gestion des Entreprises et Organisation du Travail avec accent sur interet_affaires, economie, leadership."
E0224,LGEOT,Gestion des Entreprises et Organisation du Travail,Sciences Économiques et de Gestion,8.9,9.1,11.4,8.4,9.9,14.0,17.0,,10.8,9.7,8.9,15.2,7.2,7.8,8.2,15.2,9.6,,"Profil généré pour Gestion des Entreprises et Organisation du Travail avec accent sur interet_affaires, economie, leadership."
E0225,LGEOT,Gestion des Entreprises et Organisation du Travail,Sciences Économiques et de Gestion,11.0,10.0,6.5,6.5,8.1,6.7,16.6,7.9,10.4,12.6,10.8,10.5,8.0,8.6,8.9,17.6,,,"Profil généré pour Gestion des Entreprises et Organisation du Travail avec accent sur interet_affaires, economie, leadership."
E0226,LGEOT,Gestion des Entreprises et Organisation du Travail,Sciences Économiques et de Gestion,,6.2,11.0,6.8,5.7,6.1,14.8,,12.4,7.6,14.0,18.5,9.2,8.5,7.6,17.4,7.6,6.7,"Profil généré pour Gestion des Entreprises et Organisation du Travail avec accent sur interet_affaires, economie, leadership."
E0227,LGEOT,Gestion des Entreprises et Organisation du Travail,Sciences Économiques et de Gestion,,10.7,,12.5,8.8,7.6,,11.8,13.3,7.7,8.8,,9.9,10.4,10.6,17.7,8.8,,"Profil généré pour Gestion des Entreprises et Organisation du Travail avec accent sur interet_affaires, economie, leadership."
E0228,LGEOT,Gestion des Entreprises et Organisation du Travail,Sciences Économiques et de Gestion,8.8,10.2,7.4,8.5,8.7,9.8,15.7,11.1,,,13.1,15.6,8.7,,6.5,17.2,10.9,9.0,"Profil généré pour Gestion des Entreprises et Organisation du Travail avec accent sur interet_affaires, economie, leadership."
E0229,LGEOT,Gestion des Entreprises et Organisation du Travail,Sciences Économiques et de Gestion,10.3,12.6,8.1,9.9,9.6,,15.6,9.3,9.8,10.1,8.3,16.0,8.1,,5.6,19.3,9.6,,"Profil généré pour Gestion des Entreprises et Organisation du Travail avec accent sur interet_affaires, economie, leadership."
E0230,LGEOT,Gestion des Entreprises et Organisation du Travail,Sciences Économiques et de Gestion,9.2,,7.8,9.5,,8.3,16.7,11.7,,7.6,8.3,14.5,,,,17.3,5.9,8.7,"Profil généré pour Gestion des Entreprises et Organisation du Travail avec accent sur interet_affaires, economie, leadership."
E0231,LGEOT,Gestion des Entreprises et Organisation du Travail,Sciences Économiques et de Gestion,9.0,11.8,8.9,8.6,10.2,9.5,15.1,9.6,12.4,10.5,9.9,17.7,8.1,,8.9,15.1,,7.9,"Profil généré pour Gestion des Entreprises et Organisation du Travail avec accent sur interet_affaires, economie, leadership."
E0232,LGEOT,Gestion des Entreprises et Organisation du Travail,Sciences Économiques et de Gestion,8.1,11.0,,7.4,9.1,7.7,17.1,7.2,11.7,9.1,13.9,15.8,6.9,11.2,7.2,13.4,,8.1,"Profil généré pour Gestion des Entreprises et Organisation du Travail avec accent sur interet_affaires, economie, leadership."
E0233,LGEOT,Gestion des Entreprises et Organisation du Travail,Sciences Économiques et de Gestion,10.0,,10.5,8.9,7.0,6.6,14.6,8.1,10.3,8.4,4.6,15.3,11.4,,,15.3,11.0,11.2,"Profil généré pour Gestion des Entreprises et Organisation du Travail avec accent sur interet_affaires, economie, leadership."
E0234,LGEOT,Gestion des Entreprises et Organisation du Travail,Sciences Économiques et de Gestion,,9.4,9.5,10.6,7.9,,14.7,8.2,9.3,,7.4,11.8,10.1,8.3,8.8,17.1,8.3,9.4,"Profil généré pour Gestion des Entreprises et Organisation du Travail avec accent sur interet_affaires, economie, leadership."
E0235,LGEOT,Gestion des Entreprises et Organisation du Travail,Sciences Économiques et de Gestion,9.1,11.0,8.6,,6.6,9.3,18.2,13.1,8.0,8.3,9.8,15.4,10.5,11.1,10.7,14.3,8.5,7.4,"Profil généré pour Gestion des Entreprises et Organisation du Travail avec accent sur interet_affaires, economie, leadership."
E0236,LGEOT,Gestion des Entreprises et Organisation du Travail,Sciences Économiques et de Gestion,10.0,8.0,8.0,9.2,11.2,11.6,16.4,13.1,10.3,10.3,,13.1,,8.7,,19.5,9.5,8.5,"Profil généré pour Gestion des Entreprises et Organisation du Travail avec accent sur interet_affaires, economie, leadership."
E0237,LGEOT,Gestion des Entreprises et Organisation du Travail,Sciences Économiques et de Gestion,5.1,,5.1,9.0,7.7,8.1,17.1,7.8,10.3,7.8,,15.2,9.0,12.3,5.8,12.6,,8.7,"Profil généré pour Gestion des Entreprises et Organisation du Travail avec accent sur interet_affaires, economie, leadership."
E0238,LGEOT,Gestion des Entreprises et Organisation du Travail,Sciences Économiques et de Gestion,9.3,8.4,12.0,6.5,,,16.6,11.2,,10.4,10.6,17.3,7.7,9.6,7.6,18.2,11.7,8.3,"Profil généré pour Gestion des Entreprises et Organisation du Travail avec accent sur interet_affaires, economie, leadership."
E0239,LGEOT,Gestion des Entreprises et Organisation du Travail,Sciences Économiques et de Gestion,10.3,8.5,10.4,9.4,,,14.2,,11.2,6.3,7.3,14.2,11.3,8.7,9.2,19.5,6.4,12.0,"Profil généré pour Gestion des Entreprises et Organisation du Travail avec accent sur interet_affaires, economie, leadership."
E0240,LGEOT,Gestion des Entreprises et Organisation du Travail,Sciences Économiques et de Gestion,10.7,6.9,9.8,6.9,9.0,,15.4,,,,8.5,13.8,8.9,11.8,11.7,16.4,7.5,9.8,"Profil généré pour Gestion des Entreprises et Organisation du Travail avec accent sur interet_affaires, economie, leadership."
E0241,LGEOT,Gestion des Entreprises et Organisation du Travail,Sciences Économiques et de Gestion,11.3,11.3,7.4,6.3,10.0,9.3,11.3,5.6,6.7,9.9,9.2,14.8,7.0,10.1,9.1,17.2,7.6,7.3,"Profil généré pour Gestion des Entreprises et Organisation du Travail avec accent sur interet_affaires, economie, leadership."
E0242,LGEOT,Gestion des Entreprises et Organisation du Travail,Sciences Économiques et de Gestion,,11.9,6.0,11.4,4.5,11.0,14.8,5.0,10.2,11.3,8.5,16.2,5.3,8.7,8.1,17.3,11.9,,"Profil généré pour Gestion des Entreprises et Organisation du Travail avec accent sur interet_affaires, economie, leadership."
E0243,LGEOT,Gestion des Entreprises et Organisation du Travail,Sciences Économiques et de Gestion,9.6,8.9,7.0,9.1,5.4,9.8,12.4,9.7,9.7,7.2,12.3,14.4,9.0,6.0,11.1,17.6,8.7,10.6,"Profil généré pour Gestion des Entreprises et Organisation du Travail avec accent sur interet_affaires, economie, leadership."
E0244,LGEOT,Gestion des Entreprises et Organisation du Travail,Sciences Économiques et de Gestion,7.9,6.0,,10.2,8.6,,13.9,,10.3,7.1,8.2,,9.1,11.6,9.9,13.4,6.7,9.5,"Profil généré pour Gestion des Entreprises et Organisation du Travail avec accent sur interet_affaires, economie, leadership."
E0245,LGEOT,Gestion des Entreprises et Organisation du Travail,Sciences Économiques et de Gestion,9.2,10.5,9.8,,7.3,9.8,19.5,8.8,12.5,9.8,9.7,16.9,6.0,10.5,9.4,16.4,6.6,7.6,"Profil généré pour Gestion des Entreprises et Organisation du Travail avec accent sur interet_affaires, economie, leadership."
E0246,LGEOT,Gestion des Entreprises et Organisation du Travail,Sciences Économiques et de Gestion,8.5,12.4,,7.9,6.2,9.3,13.1,6.5,12.9,8.9,11.7,15.5,,6.5,8.3,18.9,,6.9,"Profil généré pour Gestion des Entreprises et Organisation du Travail avec accent sur interet_affaires, economie, leadership."
E0247,LGEOT,Gestion des Entreprises et Organisation du Travail,Sciences Économiques et de Gestion,8.9,9.7,7.8,7.1,,10.1,15.1,8.2,,8.3,7.7,14.8,5.8,,7.7,16.1,8.7,6.6,"Profil généré pour Gestion des Entreprises et Organisation du Travail avec accent sur interet_affaires, economie, leadership."
E0248,LGEOT,Gestion des Entreprises et Organisation du Travail,Sciences Économiques et de Gestion,9.4,12.0,11.3,11.0,8.5,9.8,14.3,10.7,9.3,,9.9,16.0,10.8,8.2,11.3,14.4,7.4,10.1,"Profil généré pour Gestion des Entreprises et Organisation du Travail avec accent sur interet_affaires, economie, leadership."
E0249,LGEOT,Gestion des Entreprises et Organisation du Travail,Sciences Économiques et de Gestion,9.0,8.5,12.0,7.1,7.3,,14.4,11.1,8.7,7.8,11.7,17.6,11.3,,8.4,14.3,7.1,7.0,"Profil généré pour Gestion des Entreprises et Organisation du Travail avec accent sur interet_affaires, economie, leadership."
E0250,LGEOT,Gestion des Entreprises et Organisation du Travail,Sciences Économiques et de Gestion,9.8,12.6,9.8,10.5,,7.7,12.9,,10.5,,13.1,16.4,,,5.6,18.4,11.0,12.7,"Profil généré pour Gestion des Entreprises et Organisation du Travail avec accent sur interet_affaires, economie, leadership."
E0251,LGEOT,Gestion des Entreprises et Organisation du Travail,Sciences Économiques et de Gestion,7.0,8.9,7.5,8.4,8.7,6.0,13.4,9.9,12.9,,12.8,14.5,,7.0,8.5,15.1,8.3,,"Profil généré pour Gestion des Entreprises et Organisation du Travail avec accent sur interet_affaires, economie, leadership."
E0252,LGEOT,Gestion des Entreprises et Organisation du Travail,Sciences Économiques et de Gestion,,,6.7,7.6,8.6,9.3,13.9,4.7,6.9,8.1,13.4,15.6,9.3,9.1,7.7,12.2,7.9,9.0,"Profil généré pour Gestion des Entreprises et Organisation du Travail avec accent sur interet_affaires, economie, leadership."
E0253,LGI,Génie Informatique,Sciences et Technologie,7.8,,14.8,7.9,,,8.2,,15.1,,7.8,6.1,11.4,11.3,8.2,8.8,9.2,15.7,"Profil généré pour Génie Informatique avec accent sur informatique, interet_technologie, logique."
E0254,LGI,Génie Informatique,Sciences et Technologie,6.8,10.8,16.3,10.3,7.8,8.9,13.8,19.5,17.6,7.3,9.0,10.6,10.2,5.7,5.7,5.7,9.2,14.6,"Profil généré pour Génie Informatique avec accent sur informatique, interet_technologie, logique."
E0255,LGI,Génie Informatique,Sciences et Technologie,8.6,11.8,17.0,8.4,10.3,12.6,9.0,16.1,15.7,7.2,7.6,8.3,9.4,,6.2,9.5,7.5,15.8,"Profil généré pour Génie Informatique avec accent sur informatique, interet_technologie, logique."
E0256,LGI,Génie Informatique,Sciences et Technologie,12.7,12.2,15.4,8.4,,9.2,,18.1,16.0,10.2,9.3,,,13.6,8.0,8.4,7.7,15.7,"Profil généré pour Génie Informatique avec accent sur informatique, interet_technologie, logique."
E0257,LGI,Génie Informatique,Sciences et Technologie,,6.6,13.1,8.6,10.9,5.4,6.8,18.5,16.9,8.9,,,8.2,10.1,8.7,7.5,9.3,17.0,"Profil généré pour Génie Informatique avec accent sur informatique, interet_technologie, logique."
E0258,LGI,Génie Informatique,Sciences et Technologie,8.1,,13.4,,11.9,10.2,9.7,17.3,16.3,10.8,6.0,8.2,,8.2,9.6,8.2,4.0,17.0,"Profil généré pour Génie Informatique avec accent sur informatique, interet_technologie, logique."
E0259,LGI,Génie Informatique,Sciences et Technologie,8.5,,15.7,,,,11.8,19.5,15.5,6.3,9.2,8.9,9.9,,8.4,8.4,7.7,14.3,"Profil généré pour Génie Informatique avec accent sur informatique, interet_technologie, logique."
E0260,LGI,Génie Informatique,Sciences et Technologie,10.5,12.6,17.9,11.0,,6.6,10.4,19.5,18.5,6.5,8.0,,8.8,,,9.8,8.8,18.3,"Profil généré pour Génie Informatique avec accent sur informatique, interet_technologie, logique."
E0261,LGI,Génie Informatique,Sciences et Technologie,7.0,9.9,15.1,10.4,6.3,10.7,10.0,19.5,17.8,10.3,4.8,10.5,11.2,9.2,7.6,9.0,10.2,19.4,"Profil généré pour Génie Informatique avec accent sur informatique, interet_technologie, logique."
E0262,LGI,Génie Informatique,Sciences et Technologie,9.0,10.7,15.5,,8.7,9.0,7.6,17.7,15.5,10.0,,7.9,8.2,,7.5,9.6,9.5,16.6,"Profil généré pour Génie Informatique avec accent sur informatique, interet_technologie, logique."
E0263,LGI,Génie Informatique,Sciences et Technologie,6.0,6.2,15.9,5.8,,11.4,5.3,16.1,15.7,6.7,,,8.8,,7.6,11.8,6.3,12.6,"Profil généré pour Génie Informatique avec accent sur informatique, interet_technologie, logique."
E0264,LGI,Génie Informatique,Sciences et Technologie,,,19.0,13.2,12.1,12.1,9.9,10.4,17.7,,4.4,5.6,,,8.9,9.6,5.2,16.4,"Profil généré pour Génie Informatique avec accent sur informatique, interet_technologie, logique."
E0265,LGI,Génie Informatique,Sciences et Technologie,9.3,9.9,17.3,13.4,,8.6,9.0,13.7,13.3,5.6,6.4,,6.0,6.3,8.7,9.3,,14.8,"Profil généré pour Génie Informatique avec accent sur informatique, interet_technologie, logique."
E0266,LGI,Génie Informatique,Sciences et Technologie,,9.4,12.1,6.4,8.4,8.2,9.8,16.6,16.9,,5.9,7.7,11.4,,9.1,9.2,9.4,13.4,"Profil généré pour Génie Informatique avec accent sur informatique, interet_technologie, logique."
E0267,LGI,Génie Informatique,Sciences et Technologie,9.3,,17.3,5.4,9.7,7.6,10.2,19.5,15.5,7.4,,7.9,9.9,,,8.5,,18.5,"Profil généré pour Génie Informatique avec accent sur informatique, interet_technologie, logique."
E0268,LGI,Génie Informatique,Sciences et Technologie,,8.9,16.6,9.6,,8.9,,17.8,,9.8,6.0,8.1,12.4,7.3,10.1,7.9,8.5,14.6,"Profil généré pour Génie Informatique avec accent sur informatique, interet_technologie, logique."
E0269,LGI,Génie Informatique,Sciences et Technologie,,9.6,14.1,10.0,6.6,9.5,6.7,,16.5,10.4,4.0,,7.6,9.0,9.7,10.1,9.4,15.8,"Profil généré pour Génie Informatique avec accent sur informatique, interet_technologie, logique."
E0270,LGI,Génie Informatique,Sciences et Technologie,11.0,4.6,,,7.1,11.2,,18.7,16.5,11.5,5.7,,11.9,9.2,8.2,10.1,8.0,16.1,"Profil généré pour Génie Informatique avec accent sur informatique, interet_technologie, logique."
E0271,LGI,Génie Informatique,Sciences et Technologie,,,17.5,7.7,10.6,8.6,9.8,17.5,16.4,6.1,9.9,10.1,12.8,6.1,7.2,8.7,,19.5,"Profil généré pour Génie Informatique avec accent sur informatique, interet_technologie, logique."
E0272,LGI,Génie Informatique,Sciences et Technologie,10.9,8.3,14.3,,10.8,7.5,9.1,18.4,12.8,6.5,10.2,7.2,13.2,,5.3,5.7,11.2,16.6,"Profil généré pour Génie Informatique avec accent sur informatique, interet_technologie, logique."
E0273,LGI,Génie Informatique,Sciences et Technologie,9.2,6.7,16.0,7.3,8.8,8.1,9.1,17.8,16.4,7.2,,5.6,6.6,10.1,6.6,7.2,7.2,16.5,"Profil généré pour Génie Informatique avec accent sur informatique, interet_technologie, logique."
E0274,LGI,Génie Informatique,Sciences et Technologie,7.2,10.3,13.3,6.1,7.9,11.2,,18.5,12.7,,,10.7,9.4,9.2,8.1,8.8,7.2,17.3,"Profil généré pour Génie Informatique avec accent sur informatique, interet_technologie, logique."
E0275,LGI,Génie Informatique,Sciences et Technologie,11.3,8.2,13.1,8.9,,8.1,8.2,,15.9,8.2,,8.6,9.8,,10.4,6.4,10.1,15.8,"Profil généré pour Génie Informatique avec accent sur informatique, interet_technologie, logique."
E0276,LGI,Génie Informatique,Sciences et Technologie,13.9,10.7,17.1,7.9,7.4,,,17.0,19.5,,6.1,9.7,8.1,5.7,8.8,8.5,8.4,18.2,"Profil généré pour Génie Informatique avec accent sur informatique, interet_technologie, logique."
E0277,LGI,Génie Informatique,Sciences et Technologie,9.5,10.0,18.0,7.5,,10.3,8.6,18.4,13.2,8.9,10.2,8.4,10.8,9.7,,7.2,9.5,14.8,"Profil généré pour Génie Informatique avec accent sur informatique, interet_technologie, logique."
E0278,LGI,Génie Informatique,Sciences et Technologie,10.0,8.8,15.3,,8.5,12.2,4.0,17.9,16.3,11.3,,8.4,10.0,10.8,8.8,7.8,7.0,18.6,"Profil généré pour Génie Informatique avec accent sur informatique, interet_technologie, logique."
E0279,LGI,Génie Informatique,Sciences et Technologie,8.4,7.5,,8.7,,7.2,11.3,18.3,15.9,10.5,11.0,11.3,7.6,10.5,8.0,,7.2,15.8,"Profil généré pour Génie Informatique avec accent sur informatique, interet_technologie, logique."
E0280,LGI,Génie Informatique,Sciences et Technologie,8.1,7.3,14.9,8.1,9.3,5.7,,18.1,17.2,8.3,11.9,7.6,9.3,12.0,8.3,8.5,7.1,16.3,"Profil généré pour Génie Informatique avec accent sur informatique, interet_technologie, logique."
E0281,LGI,Génie Informatique,Sciences et Technologie,7.2,7.4,15.1,12.4,7.8,9.1,10.4,18.1,16.1,8.1,9.7,10.4,7.1,6.4,7.8,8.8,9.0,17.6,"Profil généré pour Génie Informatique avec accent sur informatique, interet_technologie, logique."
E0282,LGI,Génie Informatique,Sciences et Technologie,8.8,6.8,11.9,,,7.0,7.6,19.5,19.3,10.8,5.7,7.5,7.3,10.1,5.4,7.1,,18.7,"Profil généré pour Génie Informatique avec accent sur informatique, interet_technologie, logique."
E0283,LGI,Génie Informatique,Sciences et Technologie,9.5,9.2,16.2,10.9,9.8,10.9,15.2,19.1,16.6,9.5,11.1,8.2,6.6,8.0,9.0,,6.8,16.6,"Profil généré pour Génie Informatique avec accent sur informatique, interet_technologie, logique."
E0284,LGI,Génie Informatique,Sciences et Technologie,8.3,9.9,,8.1,8.7,5.7,8.5,18.0,18.7,11.0,10.5,9.9,7.5,5.4,9.0,10.4,,15.5,"Profil généré pour Génie Informatique avec accent sur informatique, interet_technologie, logique."
E0285,LGI,Génie Informatique,Sciences et Technologie,6.4,6.6,14.0,5.2,11.6,,7.8,14.7,16.9,,10.3,,10.0,10.4,6.8,7.5,5.7,17.8,"Profil généré pour Génie Informatique avec accent sur informatique, interet_technologie, logique."
E0286,LGI,Génie Informatique,Sciences et Technologie,4.8,9.5,14.0,10.9,8.3,6.3,11.3,,18.4,,11.4,7.5,8.4,5.8,10.8,,9.0,18.2,"Profil généré pour Génie Informatique avec accent sur informatique, interet_technologie, logique."
E0287,LGI,Génie Informatique,Sciences et Technologie,9.4,8.3,16.5,9.8,,11.4,,14.8,18.8,,11.0,6.4,10.7,6.9,8.8,9.4,8.1,16.0,"Profil généré pour Génie Informatique avec accent sur informatique, interet_technologie, logique."
E0288,LGI,Génie Informatique,Sciences et Technologie,12.2,12.4,18.4,,,7.9,6.0,19.5,16.9,11.5,12.5,9.5,6.7,4.6,8.5,7.7,10.5,16.5,"Profil généré pour Génie Informatique avec accent sur informatique, interet_technologie, logique."
E0289,LGM,Génie Mécanique,Sciences et Technologie,5.5,9.8,17.2,19.5,10.3,10.2,8.2,7.9,13.2,12.5,10.8,9.2,12.3,7.3,10.3,7.5,7.3,13.8,"Profil généré pour Génie Mécanique avec accent sur mathematiques, physique, interet_technologie."
E0290,LGM,Génie Mécanique,Sciences et Technologie,10.8,10.1,18.0,15.1,,9.7,7.5,,11.5,5.9,8.7,13.2,7.2,6.4,6.3,8.2,,14.7,"Profil généré pour Génie Mécanique avec accent sur mathematiques, physique, interet_technologie."
E0291,LGM,Génie Mécanique,Sciences et Technologie,10.2,5.6,13.6,13.9,11.0,9.1,9.2,6.6,11.9,10.4,9.6,10.2,8.9,10.7,6.1,8.1,9.4,9.8,"Profil généré pour Génie Mécanique avec accent sur mathematiques, physique, interet_technologie."
E0292,LGM,Génie Mécanique,Sciences et Technologie,8.3,8.4,17.2,15.1,12.4,8.3,7.1,9.0,11.8,7.8,8.5,7.6,9.4,8.7,12.3,6.9,,13.2,"Profil généré pour Génie Mécanique avec accent sur mathematiques, physique, interet_technologie."
E0293,LGM,Génie Mécanique,Sciences et Technologie,9.9,10.9,18.2,14.1,7.3,4.6,8.1,9.8,11.9,,7.7,6.3,9.4,10.9,8.4,6.2,8.7,13.2,"Profil généré pour Génie Mécanique avec accent sur mathematiques, physique, interet_technologie."
E0294,LGM,Génie Mécanique,Sciences et Technologie,9.4,7.8,19.5,17.6,,8.1,8.6,5.7,13.3,10.9,8.2,10.3,,,,,8.8,14.2,"Profil généré pour Génie Mécanique avec accent sur mathematiques, physique, interet_technologie."
E0295,LGM,Génie Mécanique,Sciences et Technologie,9.0,8.6,15.8,17.6,,8.7,,12.1,16.2,9.9,7.4,10.3,8.4,,9.1,8.6,11.0,15.5,"Profil généré pour Génie Mécanique avec accent sur mathematiques, physique, interet_technologie."
E0296,LGM,Génie Mécanique,Sciences et Technologie,9.2,8.4,16.7,11.4,,6.5,9.1,,14.3,,,9.1,9.2,4.3,6.0,11.4,8.1,11.6,"Profil généré pour Génie Mécanique avec accent sur mathematiques, physique, interet_technologie."
E0297,LGM,Génie Mécanique,Sciences et Technologie,10.9,12.0,19.4,12.6,,9.0,7.3,12.3,14.2,8.3,12.2,,9.9,,9.7,7.4,,12.6,"Profil généré pour Génie Mécanique avec accent sur mathematiques, physique, interet_technologie."
E0298,LGM,Génie Mécanique,Sciences et Technologie,7.5,9.8,15.7,19.1,9.1,,11.0,7.4,15.7,12.7,11.5,7.3,10.4,7.7,8.5,8.3,6.6,15.9,"Profil généré pour Génie Mécanique avec accent sur mathematiques, physique, interet_technologie."
E0299,LGM,Génie Mécanique,Sciences et Technologie,,11.0,13.3,15.2,11.3,9.2,6.4,7.1,18.2,7.1,8.1,12.8,9.6,,9.1,12.9,9.1,13.6,"Profil généré pour Génie Mécanique avec accent sur mathematiques, physique, interet_technologie."
E0300,LGM,Génie Mécanique,Sciences et Technologie,6.8,,15.9,15.5,,,9.4,,16.9,9.8,9.0,10.5,8.8,11.3,8.4,,9.0,11.6,"Profil généré pour Génie Mécanique avec accent sur mathematiques, physique, interet_technologie."
E0301,LGM,Génie Mécanique,Sciences et Technologie,9.8,7.7,16.5,14.5,7.6,6.2,6.6,12.0,12.3,9.4,8.7,12.1,7.6,,,10.4,9.2,12.9,"Profil généré pour Génie Mécanique avec accent sur mathematiques, physique, interet_technologie."
E0302,LGM,Génie Mécanique,Sciences et Technologie,8.2,10.7,19.5,18.5,,,8.4,8.0,15.8,8.5,10.1,8.6,7.4,8.5,8.3,7.5,9.3,12.8,"Profil généré pour Génie Mécanique avec accent sur mathematiques, physique, interet_technologie."
E0303,LGM,Génie Mécanique,Sciences et Technologie,8.2,8.9,16.5,15.6,11.0,7.2,9.1,,,,12.9,7.1,,7.3,7.9,6.2,,,"Profil généré pour Génie Mécanique avec accent sur mathematiques, physique, interet_technologie."
E0304,LGM,Génie Mécanique,Sciences et Technologie,6.3,9.2,16.7,15.8,7.2,9.3,,8.5,10.3,7.9,7.5,11.1,11.0,9.7,7.9,,9.0,16.2,"Profil généré pour Génie Mécanique avec accent sur mathematiques, physique, interet_technologie."
E0305,LGM,Génie Mécanique,Sciences et Technologie,,4.9,16.5,17.9,8.0,11.6,10.4,11.4,13.5,8.3,7.0,10.0,6.1,6.2,7.4,8.9,7.1,16.2,"Profil généré pour Génie Mécanique avec accent sur mathematiques, physique, interet_technologie."
E0306,LGM,Génie Mécanique,Sciences et Technologie,9.7,6.8,15.2,12.9,9.8,7.9,6.6,4.4,12.2,5.5,9.4,9.4,8.4,9.1,,,8.1,11.0,"Profil généré pour Génie Mécanique avec accent sur mathematiques, physique, interet_technologie."
E0307,LGM,Génie Mécanique,Sciences et Technologie,,6.5,16.5,13.3,,8.5,7.3,6.9,14.0,6.5,7.9,7.1,,6.9,7.6,7.3,,12.1,"Profil généré pour Génie Mécanique avec accent sur mathematiques, physique, interet_technologie."
E0308,LGM,Génie Mécanique,Sciences et Technologie,10.6,11.7,16.7,15.7,,7.6,,6.5,11.2,8.9,8.1,9.3,10.9,9.3,,5.5,10.4,9.7,"Profil généré pour Génie Mécanique avec accent sur mathematiques, physique, interet_technologie."
E0309,LGM,Génie Mécanique,Sciences et Technologie,6.9,5.5,17.4,17.3,,9.5,7.4,8.1,10.9,9.4,,9.9,10.4,9.8,,6.2,9.8,10.6,"Profil généré pour Génie Mécanique avec accent sur mathematiques, physique, interet_technologie."
E0310,LGM,Génie Mécanique,Sciences et Technologie,7.4,7.2,,19.3,,11.1,,7.8,9.9,8.1,12.0,8.7,,9.5,,6.6,7.1,12.2,"Profil généré pour Génie Mécanique avec accent sur mathematiques, physique, interet_technologie."
E0311,LGM,Génie Mécanique,Sciences et Technologie,9.9,,16.3,18.2,,9.0,9.9,,14.1,11.5,10.3,11.4,,9.1,9.5,10.8,7.8,12.7,"Profil généré pour Génie Mécanique avec accent sur mathematiques, physique, interet_technologie."
E0312,LGM,Génie Mécanique,Sciences et Technologie,11.3,8.1,17.9,18.7,7.4,9.2,7.5,12.3,16.5,11.1,,7.7,11.6,8.4,7.3,10.6,,13.1,"Profil généré pour Génie Mécanique avec accent sur mathematiques, physique, interet_technologie."
E0313,LGM,Génie Mécanique,Sciences et Technologie,6.9,10.0,17.4,17.7,9.8,13.6,9.4,,14.2,10.9,12.2,10.2,7.6,16.5,10.4,7.0,,11.9,"Profil généré pour Génie Mécanique avec accent sur mathematiques, physique, interet_technologie."
E0314,LGM,Génie Mécanique,Sciences et Technologie,9.2,,16.1,15.4,10.0,6.7,,,16.1,,6.2,8.8,11.2,7.1,8.1,5.1,7.9,14.5,"Profil généré pour Génie Mécanique avec accent sur mathematiques, physique, interet_technologie."
E0315,LGM,Génie Mécanique,Sciences et Technologie,5.7,9.3,19.5,11.2,9.9,6.8,8.4,9.9,13.2,10.3,9.4,8.9,6.6,7.7,12.2,7.7,8.0,13.4,"Profil généré pour Génie Mécanique avec accent sur mathematiques, physique, interet_technologie."
E0316,LGM,Génie Mécanique,Sciences et Technologie,,8.8,17.5,14.9,9.4,6.7,5.6,8.0,17.7,12.4,,,10.2,9.4,7.4,6.5,,12.4,"Profil généré pour Génie Mécanique avec accent sur mathematiques, physique, interet_technologie."
E0317,LGM,Génie Mécanique,Sciences et Technologie,8.8,,,13.8,5.5,,7.9,9.1,12.2,6.3,7.9,7.9,11.4,10.3,11.6,11.3,8.8,9.5,"Profil généré pour Génie Mécanique avec accent sur mathematiques, physique, interet_technologie."
E0318,LGM,Génie Mécanique,Sciences et Technologie,6.1,7.0,17.5,14.7,8.8,6.8,11.0,,12.4,7.6,10.1,,10.9,8.0,6.5,8.3,10.8,11.2,"Profil généré pour Génie Mécanique avec accent sur mathematiques, physique, interet_technologie."
E0319,LGM,Génie Mécanique,Sciences et Technologie,9.6,11.6,15.7,,8.1,10.4,9.0,9.8,12.2,9.6,,6.3,9.0,8.3,13.6,,11.3,14.9,"Profil généré pour Génie Mécanique avec accent sur mathematiques, physique, interet_technologie."
E0320,LGM,Génie Mécanique,Sciences et Technologie,6.4,8.5,19.5,16.9,9.9,10.3,8.4,,11.7,10.4,7.5,10.7,7.0,,10.7,6.9,7.3,15.9,"Profil généré pour Génie Mécanique avec accent sur mathematiques, physique, interet_technologie."
E0321,LGM,Génie Mécanique,Sciences et Technologie,,,18.3,18.2,9.4,9.8,,10.6,11.4,9.5,8.6,,11.3,9.4,8.6,7.9,10.5,12.6,"Profil généré pour Génie Mécanique avec accent sur mathematiques, physique, interet_technologie."
E0322,LGM,Génie Mécanique,Sciences et Technologie,9.1,7.6,17.4,,,5.8,,8.9,13.5,10.3,8.8,9.0,7.4,9.5,12.9,8.0,7.7,15.4,"Profil généré pour Génie Mécanique avec accent sur mathematiques, physique, interet_technologie."
E0323,LGM,Génie Mécanique,Sciences et Technologie,7.2,8.2,17.6,17.7,,9.1,11.8,7.8,12.7,10.8,10.0,9.3,14.2,7.9,10.8,7.1,,14.2,"Profil généré pour Génie Mécanique avec accent sur mathematiques, physique, interet_technologie."
E0324,LGM,Génie Mécanique,Sciences et Technologie,9.6,,15.8,17.7,,,9.2,,11.8,,7.0,8.2,9.5,10.5,6.0,8.6,6.0,12.8,"Profil généré pour Génie Mécanique avec accent sur mathematiques, physique, interet_technologie."
E0325,LIAGE,Informatique Appliquée à la Gestion des Entreprises,Sciences Économiques et de Gestion,11.1,9.0,6.7,,5.8,7.0,12.7,17.9,16.5,14.1,8.1,10.4,10.2,11.9,10.7,13.2,9.5,14.5,"Profil généré pour Informatique Appliquée à la Gestion des Entreprises avec accent sur informatique, logique, interet_technologie."
E0326,LIAGE,Informatique Appliquée à la Gestion des Entreprises,Sciences Économiques et de Gestion,8.7,11.6,9.6,9.2,12.0,,14.3,17.1,15.8,6.9,8.9,11.0,8.0,12.9,,15.0,12.6,15.6,"Profil généré pour Informatique Appliquée à la Gestion des Entreprises avec accent sur informatique, logique, interet_technologie."
E0327,LIAGE,Informatique Appliquée à la Gestion des Entreprises,Sciences Économiques et de Gestion,7.8,7.6,12.5,,6.1,9.1,13.3,19.5,16.5,7.6,8.9,9.3,,,12.2,12.0,7.6,13.8,"Profil généré pour Informatique Appliquée à la Gestion des Entreprises avec accent sur informatique, logique, interet_technologie."
E0328,LIAGE,Informatique Appliquée à la Gestion des Entreprises,Sciences Économiques et de Gestion,10.3,10.6,13.6,8.5,12.1,9.1,13.8,17.8,16.1,9.2,8.6,10.1,,6.5,,14.5,7.5,15.0,"Profil généré pour Informatique Appliquée à la Gestion des Entreprises avec accent sur informatique, logique, interet_technologie."
E0329,LIAGE,Informatique Appliquée à la Gestion des Entreprises,Sciences Économiques et de Gestion,8.6,7.8,10.6,7.9,7.0,9.0,15.1,17.2,13.3,7.3,9.5,6.8,10.7,,8.0,15.3,6.7,12.9,"Profil généré pour Informatique Appliquée à la Gestion des Entreprises avec accent sur informatique, logique, interet_technologie."
E0330,LIAGE,Informatique Appliquée à la Gestion des Entreprises,Sciences Économiques et de Gestion,7.5,12.5,12.5,9.2,,12.2,12.3,15.6,13.4,,7.2,,8.2,8.0,8.7,13.0,8.3,13.6,"Profil généré pour Informatique Appliquée à la Gestion des Entreprises avec accent sur informatique, logique, interet_technologie."
E0331,LIAGE,Informatique Appliquée à la Gestion des Entreprises,Sciences Économiques et de Gestion,8.3,11.8,12.0,,,7.9,14.2,17.0,15.6,7.9,10.2,10.5,7.4,,11.9,15.1,8.5,13.7,"Profil généré pour Informatique Appliquée à la Gestion des Entreprises avec accent sur informatique, logique, interet_technologie."
E0332,LIAGE,Informatique Appliquée à la Gestion des Entreprises,Sciences Économiques et de Gestion,7.4,10.0,15.3,11.3,9.4,7.3,17.5,18.0,19.4,9.7,4.8,,10.4,9.0,,15.8,9.2,19.2,"Profil généré pour Informatique Appliquée à la Gestion des Entreprises avec accent sur informatique, logique, interet_technologie."
E0333,LIAGE,Informatique Appliquée à la Gestion des Entreprises,Sciences Économiques et de Gestion,12.0,10.2,13.2,9.7,,9.0,13.8,19.5,18.9,,7.5,12.5,10.6,9.6,9.5,11.7,8.2,17.6,"Profil généré pour Informatique Appliquée à la Gestion des Entreprises avec accent sur informatique, logique, interet_technologie."
E0334,LIAGE,Informatique Appliquée à la Gestion des Entreprises,Sciences Économiques et de Gestion,10.4,5.0,11.8,8.2,6.9,6.7,11.9,16.3,15.8,9.3,4.6,9.3,6.7,,6.0,13.7,6.8,15.5,"Profil généré pour Informatique Appliquée à la Gestion des Entreprises avec accent sur informatique, logique, interet_technologie."
E0335,LIAGE,Informatique Appliquée à la Gestion des Entreprises,Sciences Économiques et de Gestion,8.6,10.2,12.1,11.1,12.2,5.7,12.8,14.2,13.6,8.3,11.2,6.1,9.2,10.4,8.9,13.8,7.2,15.1,"Profil généré pour Informatique Appliquée à la Gestion des Entreprises avec accent sur informatique, logique, interet_technologie."
E0336,LIAGE,Informatique Appliquée à la Gestion des Entreprises,Sciences Économiques et de Gestion,8.4,9.8,9.1,,9.3,7.1,16.3,,17.9,10.0,9.4,8.0,6.5,12.1,6.1,12.8,8.9,13.7,"Profil généré pour Informatique Appliquée à la Gestion des Entreprises avec accent sur informatique, logique, interet_technologie."
E0337,LIAGE,Informatique Appliquée à la Gestion des Entreprises,Sciences Économiques et de Gestion,7.3,7.8,12.8,8.3,,10.0,13.0,18.7,15.5,,9.5,8.7,8.7,8.1,6.6,14.7,,13.0,"Profil généré pour Informatique Appliquée à la Gestion des Entreprises avec accent sur informatique, logique, interet_technologie."
E0338,LIAGE,Informatique Appliquée à la Gestion des Entreprises,Sciences Économiques et de Gestion,12.8,10.7,11.8,,,10.6,16.1,17.3,15.4,8.5,12.1,7.4,8.6,,8.2,11.3,6.5,14.7,"Profil généré pour Informatique Appliquée à la Gestion des Entreprises avec accent sur informatique, logique, interet_technologie."
E0339,LIAGE,Informatique Appliquée à la Gestion des Entreprises,Sciences Économiques et de Gestion,9.5,11.8,13.5,9.2,,9.3,14.1,19.0,11.0,8.5,7.0,8.0,,12.7,10.5,,7.3,16.8,"Profil généré pour Informatique Appliquée à la Gestion des Entreprises avec accent sur informatique, logique, interet_technologie."
E0340,LIAGE,Informatique Appliquée à la Gestion des Entreprises,Sciences Économiques et de Gestion,6.8,7.1,13.9,9.4,,8.5,15.2,18.5,16.1,11.2,9.8,7.9,10.4,8.4,11.1,11.9,8.2,15.3,"Profil généré pour Informatique Appliquée à la Gestion des Entreprises avec accent sur informatique, logique, interet_technologie."
E0341,LIAGE,Informatique Appliquée à la Gestion des Entreprises,Sciences Économiques et de Gestion,10.0,9.2,13.4,,9.2,7.6,13.5,17.3,15.1,8.4,7.6,,,11.4,7.2,17.5,12.3,14.4,"Profil généré pour Informatique Appliquée à la Gestion des Entreprises avec accent sur informatique, logique, interet_technologie."
E0342,LIAGE,Informatique Appliquée à la Gestion des Entreprises,Sciences Économiques et de Gestion,5.5,8.0,12.8,7.9,,7.7,12.7,15.5,16.0,10.2,,11.7,8.5,,7.6,12.5,7.0,14.4,"Profil généré pour Informatique Appliquée à la Gestion des Entreprises avec accent sur informatique, logique, interet_technologie."
E0343,LIAGE,Informatique Appliquée à la Gestion des Entreprises,Sciences Économiques et de Gestion,8.6,10.3,9.4,11.4,9.7,11.3,14.1,17.7,15.0,7.2,8.0,7.6,5.6,10.8,8.3,11.3,12.2,18.5,"Profil généré pour Informatique Appliquée à la Gestion des Entreprises avec accent sur informatique, logique, interet_technologie."
E0344,LIAGE,Informatique Appliquée à la Gestion des Entreprises,Sciences Économiques et de Gestion,7.7,12.6,10.0,,8.1,7.0,,19.4,,8.0,,5.9,,7.7,7.8,15.1,6.9,12.2,"Profil généré pour Informatique Appliquée à la Gestion des Entreprises avec accent sur informatique, logique, interet_technologie."
E0345,LIAGE,Informatique Appliquée à la Gestion des Entreprises,Sciences Économiques et de Gestion,,11.1,12.3,7.9,6.9,9.1,,17.4,16.9,,5.6,8.6,11.6,10.3,8.5,16.2,8.6,14.6,"Profil généré pour Informatique Appliquée à la Gestion des Entreprises avec accent sur informatique, logique, interet_technologie."
E0346,LIAGE,Informatique Appliquée à la Gestion des Entreprises,Sciences Économiques et de Gestion,11.7,8.7,10.7,9.8,,8.2,10.0,18.7,13.7,,,10.5,8.4,8.0,9.2,13.2,7.5,11.0,"Profil généré pour Informatique Appliquée à la Gestion des Entreprises avec accent sur informatique, logique, interet_technologie."
E0347,LIAGE,Informatique Appliquée à la Gestion des Entreprises,Sciences Économiques et de Gestion,9.5,5.1,14.5,5.6,7.7,,11.8,,12.8,,10.8,9.3,9.6,8.5,,13.5,9.8,12.7,"Profil généré pour Informatique Appliquée à la Gestion des Entreprises avec accent sur informatique, logique, interet_technologie."
E0348,LIAGE,Informatique Appliquée à la Gestion des Entreprises,Sciences Économiques et de Gestion,7.1,7.1,11.7,,6.3,12.4,14.7,15.7,18.6,,,9.1,7.4,7.7,8.5,,8.0,15.2,"Profil généré pour Informatique Appliquée à la Gestion des Entreprises avec accent sur informatique, logique, interet_technologie."
E0349,LIAGE,Informatique Appliquée à la Gestion des Entreprises,Sciences Économiques et de Gestion,8.3,9.5,12.1,5.8,9.2,10.3,12.5,17.0,15.3,4.7,11.1,7.5,4.0,10.9,7.7,11.2,9.6,14.1,"Profil généré pour Informatique Appliquée à la Gestion des Entreprises avec accent sur informatique, logique, interet_technologie."
E0350,LIAGE,Informatique Appliquée à la Gestion des Entreprises,Sciences Économiques et de Gestion,,10.9,14.5,,,7.8,,14.7,15.5,,7.6,11.0,8.7,7.8,9.1,14.5,10.0,16.0,"Profil généré pour Informatique Appliquée à la Gestion des Entreprises avec accent sur informatique, logique, interet_technologie."
E0351,LIAGE,Informatique Appliquée à la Gestion des Entreprises,Sciences Économiques et de Gestion,,5.7,15.0,8.4,7.0,8.7,13.6,17.1,13.8,9.3,8.1,11.7,11.1,,8.1,15.1,8.7,14.2,"Profil généré pour Informatique Appliquée à la Gestion des Entreprises avec accent sur informatique, logique, interet_technologie."
E0352,LIAGE,Informatique Appliquée à la Gestion des Entreprises,Sciences Économiques et de Gestion,10.2,11.1,13.3,6.6,6.8,,14.3,15.9,14.9,,12.9,,,,9.7,14.6,5.4,14.8,"Profil généré pour Informatique Appliquée à la Gestion des Entreprises avec accent sur informatique, logique, interet_technologie."
E0353,LIAGE,Informatique Appliquée à la Gestion des Entreprises,Sciences Économiques et de Gestion,7.6,7.0,14.2,8.8,6.0,7.0,11.7,,,7.4,8.6,7.6,12.4,,7.7,11.7,7.4,11.9,"Profil généré pour Informatique Appliquée à la Gestion des Entreprises avec accent sur informatique, logique, interet_technologie."
E0354,LIAGE,Informatique Appliquée à la Gestion des Entreprises,Sciences Économiques et de Gestion,,11.7,15.0,6.1,10.5,10.1,16.8,17.4,15.9,6.9,9.8,5.2,9.1,11.9,6.9,15.9,10.1,10.1,"Profil généré pour Informatique Appliquée à la Gestion des Entreprises avec accent sur informatique, logique, interet_technologie."
E0355,LIAGE,Informatique Appliquée à la Gestion des Entreprises,Sciences Économiques et de Gestion,5.2,7.5,13.6,,9.3,9.7,12.3,17.5,17.6,11.0,6.4,9.2,6.7,10.3,10.3,12.5,6.5,14.1,"Profil généré pour Informatique Appliquée à la Gestion des Entreprises avec accent sur informatique, logique, interet_technologie."
E0356,LIAGE,Informatique Appliquée à la Gestion des Entreprises,Sciences Économiques et de Gestion,,8.5,12.7,8.1,11.2,10.0,13.1,14.6,15.2,,9.5,7.5,7.2,,6.7,11.8,,12.9,"Profil généré pour Informatique Appliquée à la Gestion des Entreprises avec accent sur informatique, logique, interet_technologie."
E0357,LIAGE,Informatique Appliquée à la Gestion des Entreprises,Sciences Économiques et de Gestion,10.6,10.6,11.4,6.8,7.6,7.3,11.1,15.4,16.8,12.6,7.5,8.2,9.4,10.9,7.8,12.2,11.1,13.2,"Profil généré pour Informatique Appliquée à la Gestion des Entreprises avec accent sur informatique, logique, interet_technologie."
E0358,LIAGE,Informatique Appliquée à la Gestion des Entreprises,Sciences Économiques et de Gestion,5.7,7.4,13.8,10.5,,9.5,15.2,16.9,15.1,8.0,,8.8,,7.8,9.1,13.5,10.8,13.7,"Profil généré pour Informatique Appliquée à la Gestion des Entreprises avec accent sur informatique, logique, interet_technologie."
E0359,LIAGE,Informatique Appliquée à la Gestion des Entreprises,Sciences Économiques et de Gestion,8.6,5.9,12.0,9.5,,8.5,14.9,15.1,,,6.9,8.8,9.2,9.7,4.7,12.1,,12.7,"Profil généré pour Informatique Appliquée à la Gestion des Entreprises avec accent sur informatique, logique, interet_technologie."
E0360,LIAGE,Informatique Appliquée à la Gestion des Entreprises,Sciences Économiques et de Gestion,8.0,7.1,12.8,9.4,8.6,,12.7,15.9,11.5,8.8,,12.5,10.9,5.6,7.3,10.9,10.4,16.7,"Profil généré pour Informatique Appliquée à la Gestion des Entreprises avec accent sur informatique, logique, interet_technologie."
E0361,LIGAF,Informatique de Gestion et Anglais des Affaires,Sciences Économiques et de Gestion,5.7,14.8,9.5,6.3,9.0,9.0,6.7,13.6,8.6,,8.4,8.6,5.9,9.3,8.7,15.1,4.6,11.2,"Profil généré pour Informatique de Gestion et Anglais des Affaires avec accent sur anglais, informatique, interet_affaires."
E0362,LIGAF,Informatique de Gestion et Anglais des Affaires,Sciences Économiques et de Gestion,11.2,18.8,,,,11.1,10.9,18.0,12.8,8.3,12.1,5.0,5.4,5.8,,15.9,7.3,8.4,"Profil généré pour Informatique de Gestion et Anglais des Affaires avec accent sur anglais, informatique, interet_affaires."
E0363,LIGAF,Informatique de Gestion et Anglais des Affaires,Sciences Économiques et de Gestion,5.7,14.3,7.7,13.4,9.0,11.2,14.7,13.0,15.2,5.0,10.4,11.7,9.5,9.7,11.2,16.5,12.5,8.9,"Profil généré pour Informatique de Gestion et Anglais des Affaires avec accent sur anglais, informatique, interet_affaires."
E0364,LIGAF,Informatique de Gestion et Anglais des Affaires,Sciences Économiques et de Gestion,9.0,16.1,9.7,8.7,,7.2,14.0,16.8,14.3,9.2,9.4,8.2,9.7,7.5,7.1,,9.6,6.6,"Profil généré pour Informatique de Gestion et Anglais des Affaires avec accent sur anglais, informatique, interet_affaires."
E0365,LIGAF,Informatique de Gestion et Anglais des Affaires,Sciences Économiques et de Gestion,11.2,17.1,9.9,9.3,5.4,8.3,12.9,18.2,,,11.4,10.3,8.2,9.1,6.2,17.1,,8.2,"Profil généré pour Informatique de Gestion et Anglais des Affaires avec accent sur anglais, informatique, interet_affaires."
E0366,LIGAF,Informatique de Gestion et Anglais des Affaires,Sciences Économiques et de Gestion,11.9,10.2,12.7,8.1,10.7,13.7,15.0,12.5,14.0,9.6,12.6,10.8,8.3,8.6,12.4,14.7,7.7,10.1,"Profil généré pour Informatique de Gestion et Anglais des Affaires avec accent sur anglais, informatique, interet_affaires."
E0367,LIGAF,Informatique de Gestion et Anglais des Affaires,Sciences Économiques et de Gestion,9.4,14.4,12.3,9.1,12.3,8.1,9.9,,14.6,7.4,13.4,9.4,6.3,,10.5,13.9,8.6,14.2,"Profil généré pour Informatique de Gestion et Anglais des Affaires avec accent sur anglais, informatique, interet_affaires."
E0368,LIGAF,Informatique de Gestion et Anglais des Affaires,Sciences Économiques et de Gestion,8.3,19.5,8.5,10.0,8.8,10.7,14.8,16.1,10.2,7.0,,8.2,7.9,9.4,10.0,13.3,8.5,7.2,"Profil généré pour Informatique de Gestion et Anglais des Affaires avec accent sur anglais, informatique, interet_affaires."
E0369,LIGAF,Informatique de Gestion et Anglais des Affaires,Sciences Économiques et de Gestion,8.2,15.8,8.6,7.8,8.7,8.3,12.2,13.7,16.4,8.0,9.2,7.1,8.7,9.0,11.8,17.2,7.8,13.5,"Profil généré pour Informatique de Gestion et Anglais des Affaires avec accent sur anglais, informatique, interet_affaires."
E0370,LIGAF,Informatique de Gestion et Anglais des Affaires,Sciences Économiques et de Gestion,10.0,16.6,12.7,7.7,8.7,10.3,11.4,15.0,13.8,,11.3,8.2,8.8,5.9,8.4,13.2,6.0,6.7,"Profil généré pour Informatique de Gestion et Anglais des Affaires avec accent sur anglais, informatique, interet_affaires."
E0371,LIGAF,Informatique de Gestion et Anglais des Affaires,Sciences Économiques et de Gestion,9.6,16.4,9.1,12.5,,10.1,11.0,,13.5,,11.2,9.1,6.3,11.3,8.9,13.7,11.6,11.8,"Profil généré pour Informatique de Gestion et Anglais des Affaires avec accent sur anglais, informatique, interet_affaires."
E0372,LIGAF,Informatique de Gestion et Anglais des Affaires,Sciences Économiques et de Gestion,12.3,19.5,8.2,9.0,,11.5,14.2,17.3,,8.9,12.5,,10.4,9.9,10.3,18.1,12.0,7.4,"Profil généré pour Informatique de Gestion et Anglais des Affaires avec accent sur anglais, informatique, interet_affaires."
E0373,LIGAF,Informatique de Gestion et Anglais des Affaires,Sciences Économiques et de Gestion,7.7,17.9,9.4,8.4,7.6,9.7,9.0,17.3,14.1,10.8,17.6,5.0,9.9,10.3,7.3,16.0,7.6,9.5,"Profil généré pour Informatique de Gestion et Anglais des Affaires avec accent sur anglais, informatique, interet_affaires."
E0374,LIGAF,Informatique de Gestion et Anglais des Affaires,Sciences Économiques et de Gestion,,17.9,8.3,12.5,11.7,12.7,10.5,14.6,11.6,,15.8,11.7,8.5,,4.7,14.5,9.9,7.5,"Profil généré pour Informatique de Gestion et Anglais des Affaires avec accent sur anglais, informatique, interet_affaires."
E0375,LIGAF,Informatique de Gestion et Anglais des Affaires,Sciences Économiques et de Gestion,7.0,16.7,10.6,9.9,10.1,9.6,10.4,15.0,13.2,9.5,9.8,7.7,9.1,,9.6,17.4,8.0,8.9,"Profil généré pour Informatique de Gestion et Anglais des Affaires avec accent sur anglais, informatique, interet_affaires."
E0376,LIGAF,Informatique de Gestion et Anglais des Affaires,Sciences Économiques et de Gestion,4.0,17.7,11.7,7.8,6.7,,11.1,17.2,8.6,,9.7,11.6,9.2,,13.2,13.8,11.3,7.5,"Profil généré pour Informatique de Gestion et Anglais des Affaires avec accent sur anglais, informatique, interet_affaires."
E0377,LIGAF,Informatique de Gestion et Anglais des Affaires,Sciences Économiques et de Gestion,11.5,16.9,8.8,6.9,10.4,10.2,13.4,17.4,11.4,,8.6,8.8,6.4,8.2,8.3,18.5,7.2,8.5,"Profil généré pour Informatique de Gestion et Anglais des Affaires avec accent sur anglais, informatique, interet_affaires."
E0378,LIGAF,Informatique de Gestion et Anglais des Affaires,Sciences Économiques et de Gestion,8.2,15.9,,9.8,7.1,7.7,11.4,14.4,12.8,9.5,11.2,10.2,9.5,,,14.6,9.6,7.8,"Profil généré pour Informatique de Gestion et Anglais des Affaires avec accent sur anglais, informatique, interet_affaires."
E0379,LIGAF,Informatique de Gestion et Anglais des Affaires,Sciences Économiques et de Gestion,9.4,,9.6,,9.0,7.8,12.8,17.9,11.3,9.4,13.5,8.2,9.7,9.5,10.3,19.5,6.5,9.9,"Profil généré pour Informatique de Gestion et Anglais des Affaires avec accent sur anglais, informatique, interet_affaires."
E0380,LIGAF,Informatique de Gestion et Anglais des Affaires,Sciences Économiques et de Gestion,7.1,14.2,10.9,7.7,,7.5,12.6,15.1,13.7,8.1,12.0,9.2,10.3,10.3,8.6,,10.6,7.8,"Profil généré pour Informatique de Gestion et Anglais des Affaires avec accent sur anglais, informatique, interet_affaires."
E0381,LIGAF,Informatique de Gestion et Anglais des Affaires,Sciences Économiques et de Gestion,9.6,15.2,9.8,6.5,,8.5,10.7,18.1,13.4,8.3,14.3,5.1,9.0,5.9,10.9,12.7,9.2,11.1,"Profil généré pour Informatique de Gestion et Anglais des Affaires avec accent sur anglais, informatique, interet_affaires."
E0382,LIGAF,Informatique de Gestion et Anglais des Affaires,Sciences Économiques et de Gestion,11.6,15.4,12.5,11.1,9.1,,9.5,12.5,12.2,9.8,9.4,,7.9,8.0,9.1,13.2,7.4,9.9,"Profil généré pour Informatique de Gestion et Anglais des Affaires avec accent sur anglais, informatique, interet_affaires."
E0383,LIGAF,Informatique de Gestion et Anglais des Affaires,Sciences Économiques et de Gestion,9.2,16.3,4.8,,7.5,8.6,10.2,16.4,11.3,9.8,10.4,10.7,,7.1,9.3,15.8,8.6,8.3,"Profil généré pour Informatique de Gestion et Anglais des Affaires avec accent sur anglais, informatique, interet_affaires."
E0384,LIGAF,Informatique de Gestion et Anglais des Affaires,Sciences Économiques et de Gestion,,17.9,8.7,10.5,7.7,8.4,13.8,17.5,,,,8.5,6.3,9.6,8.1,16.7,6.1,5.7,"Profil généré pour Informatique de Gestion et Anglais des Affaires avec accent sur anglais, informatique, interet_affaires."
E0385,LIGAF,Informatique de Gestion et Anglais des Affaires,Sciences Économiques et de Gestion,9.5,13.1,5.4,5.3,,11.0,10.0,16.3,10.2,7.4,10.8,8.1,8.6,8.7,6.6,15.4,11.7,7.1,"Profil généré pour Informatique de Gestion et Anglais des Affaires avec accent sur anglais, informatique, interet_affaires."
E0386,LIGAF,Informatique de Gestion et Anglais des Affaires,Sciences Économiques et de Gestion,6.4,13.7,,11.3,9.5,8.0,9.9,17.1,13.4,4.8,11.9,9.5,7.6,10.2,6.3,14.8,8.2,10.5,"Profil généré pour Informatique de Gestion et Anglais des Affaires avec accent sur anglais, informatique, interet_affaires."
E0387,LIGAF,Informatique de Gestion et Anglais des Affaires,Sciences Économiques et de Gestion,,14.6,6.9,9.6,12.5,,8.8,16.5,11.7,6.8,,,,13.8,9.8,14.0,10.1,,"Profil généré pour Informatique de Gestion et Anglais des Affaires avec accent sur anglais, informatique, interet_affaires."
E0388,LIGAF,Informatique de Gestion et Anglais des Affaires,Sciences Économiques et de Gestion,11.5,15.9,6.2,9.5,,10.6,10.3,14.1,9.7,10.3,,,7.1,9.7,9.9,16.9,,7.7,"Profil généré pour Informatique de Gestion et Anglais des Affaires avec accent sur anglais, informatique, interet_affaires."
E0389,LIGAF,Informatique de Gestion et Anglais des Affaires,Sciences Économiques et de Gestion,8.9,14.7,10.5,,10.1,13.8,11.6,15.0,9.3,11.1,9.5,8.4,6.9,10.1,6.8,14.6,11.1,6.3,"Profil généré pour Informatique de Gestion et Anglais des Affaires avec accent sur anglais, informatique, interet_affaires."
E0390,LIGAF,Informatique de Gestion et Anglais des Affaires,Sciences Économiques et de Gestion,,18.6,9.8,11.2,,11.0,11.0,14.6,14.3,8.9,8.2,,9.5,8.8,7.1,16.2,8.7,,"Profil généré pour Informatique de Gestion et Anglais des Affaires avec accent sur anglais, informatique, interet_affaires."
E0391,LIGAF,Informatique de Gestion et Anglais des Affaires,Sciences Économiques et de Gestion,11.4,13.1,13.0,,,7.8,,11.9,12.4,9.4,12.7,11.0,12.1,,11.1,17.0,10.1,7.9,"Profil généré pour Informatique de Gestion et Anglais des Affaires avec accent sur anglais, informatique, interet_affaires."
E0392,LIGAF,Informatique de Gestion et Anglais des Affaires,Sciences Économiques et de Gestion,11.4,14.7,11.4,,,6.4,11.2,17.8,10.9,6.2,8.9,9.5,7.2,,8.5,14.8,7.5,7.2,"Profil généré pour Informatique de Gestion et Anglais des Affaires avec accent sur anglais, informatique, interet_affaires."
E0393,LIGAF,Informatique de Gestion et Anglais des Affaires,Sciences Économiques et de Gestion,6.9,19.5,,,11.1,10.5,12.2,17.3,13.9,10.5,14.1,10.0,9.9,9.9,9.9,15.2,7.8,8.7,"Profil généré pour Informatique de Gestion et Anglais des Affaires avec accent sur anglais, informatique, interet_affaires."
E0394,LIGAF,Informatique de Gestion et Anglais des Affaires,Sciences Économiques et de Gestion,,19.4,7.0,6.8,8.3,,11.7,16.5,12.4,6.7,13.8,7.9,8.2,10.2,10.3,13.4,,11.7,"Profil généré pour Informatique de Gestion et Anglais des Affaires avec accent sur anglais, informatique, interet_affaires."
E0395,LIGAF,Informatique de Gestion et Anglais des Affaires,Sciences Économiques et de Gestion,6.5,16.0,7.0,7.4,,,10.8,18.1,12.1,10.8,10.3,,11.4,8.6,8.0,17.6,10.3,12.3,"Profil généré pour Informatique de Gestion et Anglais des Affaires avec accent sur anglais, informatique, interet_affaires."
E0396,LIGAF,Informatique de Gestion et Anglais des Affaires,Sciences Économiques et de Gestion,12.2,18.0,10.9,7.3,10.2,12.2,9.8,14.5,12.6,,12.9,8.7,8.6,,4.7,17.1,7.7,12.0,"Profil généré pour Informatique de Gestion et Anglais des Affaires avec accent sur anglais, informatique, interet_affaires."
E0397,LMG,Management Général,Sciences Économiques et de Gestion,11.2,7.4,7.3,8.9,9.7,8.2,13.3,9.4,10.3,8.2,15.2,15.2,10.5,12.2,10.8,18.2,6.2,10.3,"Profil généré pour Management Général avec accent sur leadership, interet_affaires, economie."
E0398,LMG,Management Général,Sciences Économiques et de Gestion,6.2,9.4,8.4,8.0,10.5,5.9,13.9,4.6,9.5,10.6,12.0,15.2,11.5,11.7,9.2,17.9,7.1,8.4,"Profil généré pour Management Général avec accent sur leadership, interet_affaires, economie."
E0399,LMG,Management Général,Sciences Économiques et de Gestion,7.0,6.9,10.0,7.2,5.8,7.9,12.9,6.7,8.7,9.5,9.0,17.3,7.4,,9.4,14.0,6.6,8.6,"Profil généré pour Management Général avec accent sur leadership, interet_affaires, economie."
E0400,LMG,Management Général,Sciences Économiques et de Gestion,,9.9,6.0,7.8,,13.0,16.7,8.6,10.7,,7.4,14.7,,10.5,7.8,12.8,8.8,9.4,"Profil généré pour Management Général avec accent sur leadership, interet_affaires, economie."
E0401,LMG,Management Général,Sciences Économiques et de Gestion,10.2,9.7,,6.3,,7.7,14.1,9.0,11.8,,15.9,16.3,8.3,7.3,8.5,13.4,8.0,7.4,"Profil généré pour Management Général avec accent sur leadership, interet_affaires, economie."
E0402,LMG,Management Général,Sciences Économiques et de Gestion,9.0,10.4,10.3,9.4,10.8,9.1,13.5,9.1,7.4,10.5,10.6,12.6,6.4,9.6,7.1,16.2,8.4,,"Profil généré pour Management Général avec accent sur leadership, interet_affaires, economie."
E0403,LMG,Management Général,Sciences Économiques et de Gestion,7.9,7.3,13.6,,,,12.0,10.7,10.5,7.3,14.8,14.7,9.4,,9.1,14.1,,11.6,"Profil généré pour Management Général avec accent sur leadership, interet_affaires, economie."
E0404,LMG,Management Général,Sciences Économiques et de Gestion,,,,10.2,,7.5,14.0,8.6,8.4,6.1,10.9,17.3,6.8,7.0,7.4,14.6,7.5,8.2,"Profil généré pour Management Général avec accent sur leadership, interet_affaires, economie."
E0405,LMG,Management Général,Sciences Économiques et de Gestion,8.0,8.9,7.5,6.6,7.6,8.3,10.9,9.9,7.8,7.6,8.9,,11.0,7.9,11.8,14.7,8.4,9.9,"Profil généré pour Management Général avec accent sur leadership, interet_affaires, economie."
E0406,LMG,Management Général,Sciences Économiques et de Gestion,,7.2,10.7,,,9.7,12.7,7.1,12.8,,14.9,19.5,6.5,,9.7,15.3,7.8,5.0,"Profil généré pour Management Général avec accent sur leadership, interet_affaires, economie."
E0407,LMG,Management Général,Sciences Économiques et de Gestion,11.2,10.3,,10.5,,9.7,,9.3,9.7,9.5,12.3,19.3,7.1,7.4,6.9,17.7,10.4,7.7,"Profil généré pour Management Général avec accent sur leadership, interet_affaires, economie."
E0408,LMG,Management Général,Sciences Économiques et de Gestion,6.6,9.3,9.4,7.4,6.2,7.4,16.8,10.6,10.9,7.6,14.7,16.1,9.4,8.9,7.7,17.3,,7.0,"Profil généré pour Management Général avec accent sur leadership, interet_affaires, economie."
E0409,LMG,Management Général,Sciences Économiques et de Gestion,,4.4,9.6,10.3,9.7,9.8,15.0,10.2,7.6,,13.8,18.6,,11.5,11.3,15.0,6.5,10.0,"Profil généré pour Management Général avec accent sur leadership, interet_affaires, economie."
E0410,LMG,Management Général,Sciences Économiques et de Gestion,8.9,7.9,9.7,9.6,,10.6,14.5,9.6,8.0,,12.1,14.3,12.6,7.3,8.4,16.1,8.1,,"Profil généré pour Management Général avec accent sur leadership, interet_affaires, economie."
E0411,LMG,Management Général,Sciences Économiques et de Gestion,9.8,7.9,11.9,8.6,,11.8,14.3,9.7,8.2,,14.7,15.3,,,8.1,14.9,13.9,,"Profil généré pour Management Général avec accent sur leadership, interet_affaires, economie."
E0412,LMG,Management Général,Sciences Économiques et de Gestion,6.0,8.6,,7.4,12.1,6.4,14.7,,13.0,,15.3,17.0,8.6,10.0,11.1,15.3,8.9,8.7,"Profil généré pour Management Général avec accent sur leadership, interet_affaires, economie."
E0413,LMG,Management Général,Sciences Économiques et de Gestion,10.3,7.6,8.2,,,9.0,16.4,6.9,11.8,10.2,7.4,17.1,7.8,8.4,7.6,17.1,5.4,,"Profil généré pour Management Général avec accent sur leadership, interet_affaires, economie."
E0414,LMG,Management Général,Sciences Économiques et de Gestion,9.4,9.9,8.5,11.1,,,14.5,6.9,7.2,9.7,11.2,15.9,9.1,5.1,9.5,17.2,10.9,10.4,"Profil généré pour Management Général avec accent sur leadership, interet_affaires, economie."
E0415,LMG,Management Général,Sciences Économiques et de Gestion,9.5,6.5,,8.4,7.0,8.3,15.3,10.6,10.3,13.7,12.8,16.4,7.6,,6.4,15.9,,9.6,"Profil généré pour Management Général avec accent sur leadership, interet_affaires, economie."
E0416,LMG,Management Général,Sciences Économiques et de Gestion,8.3,7.4,10.3,,,7.8,14.1,9.2,8.3,11.3,,17.2,10.8,10.1,7.5,14.5,4.9,,"Profil généré pour Management Général avec accent sur leadership, interet_affaires, economie."
E0417,LMG,Management Général,Sciences Économiques et de Gestion,10.1,7.0,7.7,9.3,7.5,9.0,18.0,8.4,13.6,,11.1,16.8,6.6,8.0,11.4,15.9,8.2,8.1,"Profil généré pour Management Général avec accent sur leadership, interet_affaires, economie."
E0418,LMG,Management Général,Sciences Économiques et de Gestion,7.2,8.9,7.8,11.7,,,15.2,10.6,8.8,6.6,15.7,18.2,6.8,8.7,8.1,17.0,6.7,6.3,"Profil généré pour Management Général avec accent sur leadership, interet_affaires, economie."
E0419,LMG,Management Général,Sciences Économiques et de Gestion,7.3,11.6,10.4,10.3,,8.0,14.7,7.0,,9.7,13.4,18.2,10.7,13.8,8.3,16.0,9.4,,"Profil généré pour Management Général avec accent sur leadership, interet_affaires, economie."
E0420,LMG,Management Général,Sciences Économiques et de Gestion,8.8,6.7,,7.9,9.0,11.6,15.7,,12.2,8.6,13.0,15.1,7.6,10.5,8.3,16.1,5.6,,"Profil généré pour Management Général avec accent sur leadership, interet_affaires, economie."
E0421,LMG,Management Général,Sciences Économiques et de Gestion,,10.0,9.0,7.1,8.7,6.4,13.8,7.9,11.1,10.5,11.4,16.3,6.1,12.0,7.9,15.8,7.8,6.8,"Profil généré pour Management Général avec accent sur leadership, interet_affaires, economie."
E0422,LMG,Management Général,Sciences Économiques et de Gestion,8.9,,,10.9,,8.4,14.2,11.2,8.6,6.4,15.4,19.5,7.7,,8.2,15.1,9.4,6.1,"Profil généré pour Management Général avec accent sur leadership, interet_affaires, economie."
E0423,LMG,Management Général,Sciences Économiques et de Gestion,9.4,9.1,10.6,6.9,12.4,6.0,13.0,9.0,7.5,6.6,11.5,17.1,,7.4,10.1,16.6,8.0,9.0,"Profil généré pour Management Général avec accent sur leadership, interet_affaires, economie."
E0424,LMG,Management Général,Sciences Économiques et de Gestion,7.7,12.0,10.4,12.4,10.3,7.6,16.1,10.3,10.1,,11.1,19.5,,,10.6,15.4,12.1,7.2,"Profil généré pour Management Général avec accent sur leadership, interet_affaires, economie."
E0425,LMG,Management Général,Sciences Économiques et de Gestion,9.8,6.5,10.1,10.2,9.8,11.1,14.0,12.3,9.9,10.5,13.6,18.2,,,5.5,15.9,,8.0,"Profil généré pour Management Général avec accent sur leadership, interet_affaires, economie."
E0426,LMG,Management Général,Sciences Économiques et de Gestion,8.8,8.7,8.0,8.5,9.7,11.2,14.9,8.1,7.3,,12.5,18.0,,9.0,9.8,15.1,8.0,9.2,"Profil généré pour Management Général avec accent sur leadership, interet_affaires, economie."
E0427,LMG,Management Général,Sciences Économiques et de Gestion,,4.0,8.7,,,11.0,14.6,8.2,9.4,,12.5,17.9,7.2,,5.2,17.7,10.3,5.3,"Profil généré pour Management Général avec accent sur leadership, interet_affaires, economie."
E0428,LMG,Management Général,Sciences Économiques et de Gestion,8.4,12.3,8.1,6.7,9.0,9.0,15.3,9.8,8.9,,12.9,15.0,10.3,,,14.1,9.9,12.4,"Profil généré pour Management Général avec accent sur leadership, interet_affaires, economie."
E0429,LMG,Management Général,Sciences Économiques et de Gestion,10.7,9.2,8.8,10.4,10.2,11.1,13.1,11.2,10.4,6.1,12.2,17.6,8.1,8.6,7.4,19.5,,9.5,"Profil généré pour Management Général avec accent sur leadership, interet_affaires, economie."
E0430,LMG,Management Général,Sciences Économiques et de Gestion,9.3,,6.2,8.3,12.5,7.0,13.9,9.3,9.6,,12.2,17.2,11.2,10.2,8.4,12.4,8.9,8.3,"Profil généré pour Management Général avec accent sur leadership, interet_affaires, economie."
E0431,LMG,Management Général,Sciences Économiques et de Gestion,4.5,11.9,7.4,8.2,,7.1,15.0,11.3,13.4,9.8,14.3,15.9,4.5,11.0,8.3,15.7,7.7,,"Profil généré pour Management Général avec accent sur leadership, interet_affaires, economie."
E0432,LMG,Management Général,Sciences Économiques et de Gestion,8.3,5.1,9.2,8.8,12.2,9.6,,8.6,10.4,10.6,12.9,17.8,9.6,8.4,5.9,19.5,10.6,10.6,"Profil généré pour Management Général avec accent sur leadership, interet_affaires, economie."
E0433,LPH,Philosophie,Sciences de l'Homme et de la Société,17.0,4.8,11.5,8.9,6.7,8.2,8.0,8.2,17.8,,12.4,10.7,8.0,11.0,9.7,9.9,7.5,8.5,"Profil généré pour Philosophie avec accent sur logique, francais, communication."
E0434,LPH,Philosophie,Sciences de l'Homme et de la Société,,9.7,10.6,10.8,10.0,10.3,8.0,7.5,16.6,,13.7,9.5,6.8,7.7,12.5,8.8,8.6,,"Profil généré pour Philosophie avec accent sur logique, francais, communication."
E0435,LPH,Philosophie,Sciences de l'Homme et de la Société,19.2,12.1,9.1,5.7,8.7,11.5,7.8,8.1,19.5,8.1,10.3,9.0,,11.4,12.2,10.4,6.8,11.4,"Profil généré pour Philosophie avec accent sur logique, francais, communication."
E0436,LPH,Philosophie,Sciences de l'Homme et de la Société,19.5,11.2,10.3,5.1,8.7,,5.8,9.8,17.4,8.5,15.6,8.7,,7.5,11.4,9.4,8.0,8.2,"Profil généré pour Philosophie avec accent sur logique, francais, communication."
E0437,LPH,Philosophie,Sciences de l'Homme et de la Société,13.8,9.2,7.1,10.6,12.0,9.6,,11.3,,8.9,14.6,6.8,8.2,,11.3,9.1,9.4,,"Profil généré pour Philosophie avec accent sur logique, francais, communication."
E0438,LPH,Philosophie,Sciences de l'Homme et de la Société,16.9,,10.1,8.4,13.5,9.1,6.1,9.7,14.3,10.8,15.9,,11.9,5.3,,5.9,,7.7,"Profil généré pour Philosophie avec accent sur logique, francais, communication."
E0439,LPH,Philosophie,Sciences de l'Homme et de la Société,16.8,8.7,6.7,,,,,,15.3,9.7,17.0,10.1,8.2,8.1,10.4,10.3,7.5,8.9,"Profil généré pour Philosophie avec accent sur logique, francais, communication."
E0440,LPH,Philosophie,Sciences de l'Homme et de la Société,19.5,10.7,9.0,7.6,11.3,,5.9,12.6,16.4,10.8,14.0,6.0,8.8,8.4,8.3,9.3,10.0,8.4,"Profil généré pour Philosophie avec accent sur logique, francais, communication."
E0441,LPH,Philosophie,Sciences de l'Homme et de la Société,18.0,5.0,8.1,8.3,,6.3,5.5,7.1,19.2,8.2,11.8,,8.3,8.9,13.1,8.7,9.4,7.0,"Profil généré pour Philosophie avec accent sur logique, francais, communication."
E0442,LPH,Philosophie,Sciences de l'Homme et de la Société,16.8,10.4,14.8,7.0,11.8,7.7,8.5,,12.5,10.0,13.1,8.5,10.5,6.9,13.5,8.9,,7.5,"Profil généré pour Philosophie avec accent sur logique, francais, communication."
E0443,LPH,Philosophie,Sciences de l'Homme et de la Société,18.1,12.4,,10.8,8.4,,11.4,,19.1,,14.9,9.4,10.0,8.4,7.7,9.8,7.2,5.8,"Profil généré pour Philosophie avec accent sur logique, francais, communication."
E0444,LPH,Philosophie,Sciences de l'Homme et de la Société,18.3,10.8,7.4,7.8,10.4,8.6,10.3,8.5,,7.5,14.2,7.5,,11.0,14.8,9.2,10.6,7.8,"Profil généré pour Philosophie avec accent sur logique, francais, communication."
E0445,LPH,Philosophie,Sciences de l'Homme et de la Société,16.0,7.0,8.2,,9.0,8.7,,7.1,17.3,7.7,9.4,,8.6,10.0,11.0,6.0,9.3,11.7,"Profil généré pour Philosophie avec accent sur logique, francais, communication."
E0446,LPH,Philosophie,Sciences de l'Homme et de la Société,19.5,9.2,7.4,5.9,8.8,11.0,12.7,9.4,17.4,,14.1,8.8,11.0,11.8,9.2,9.5,8.4,,"Profil généré pour Philosophie avec accent sur logique, francais, communication."
E0447,LPH,Philosophie,Sciences de l'Homme et de la Société,17.6,7.9,12.9,10.2,,,5.3,10.4,18.0,,11.2,6.2,7.2,8.4,9.2,11.9,11.6,8.5,"Profil généré pour Philosophie avec accent sur logique, francais, communication."
E0448,LPH,Philosophie,Sciences de l'Homme et de la Société,19.5,10.7,10.5,9.2,4.5,,8.6,8.5,17.6,,12.5,,7.2,,12.1,10.3,6.8,7.5,"Profil généré pour Philosophie avec accent sur logique, francais, communication."
E0449,LPH,Philosophie,Sciences de l'Homme et de la Société,17.1,10.9,9.0,12.2,7.3,7.0,,8.5,19.5,9.6,9.5,4.9,,,10.7,8.1,11.3,10.2,"Profil généré pour Philosophie avec accent sur logique, francais, communication."
E0450,LPH,Philosophie,Sciences de l'Homme et de la Société,14.5,7.8,9.5,6.7,,8.5,6.4,,18.7,10.2,10.9,9.7,9.5,,12.8,8.4,9.1,8.9,"Profil généré pour Philosophie avec accent sur logique, francais, communication."
E0451,LPH,Philosophie,Sciences de l'Homme et de la Société,16.0,8.8,7.2,6.9,7.8,8.5,8.6,12.2,15.8,10.6,14.9,4.6,14.9,6.5,11.7,6.2,5.9,,"Profil généré pour Philosophie avec accent sur logique, francais, communication."
E0452,LPH,Philosophie,Sciences de l'Homme et de la Société,19.2,11.7,8.5,9.9,10.3,10.2,9.7,6.0,19.5,10.3,14.5,8.3,11.7,7.4,13.0,6.8,10.3,6.9,"Profil généré pour Philosophie avec accent sur logique, francais, communication."
E0453,LPH,Philosophie,Sciences de l'Homme et de la Société,19.5,12.7,11.6,6.7,9.1,8.0,4.6,8.9,17.1,,19.3,8.6,13.5,9.0,10.9,9.1,9.6,10.9,"Profil généré pour Philosophie avec accent sur logique, francais, communication."
E0454,LPH,Philosophie,Sciences de l'Homme et de la Société,18.9,12.1,9.2,9.5,8.1,7.4,9.4,,19.0,7.4,13.2,9.7,9.2,6.9,13.3,10.6,8.1,10.4,"Profil généré pour Philosophie avec accent sur logique, francais, communication."
E0455,LPH,Philosophie,Sciences de l'Homme et de la Société,16.6,6.7,10.8,6.2,,6.5,,6.9,19.5,11.1,13.4,9.9,9.1,,11.3,12.2,11.4,6.8,"Profil généré pour Philosophie avec accent sur logique, francais, communication."
E0456,LPH,Philosophie,Sciences de l'Homme et de la Société,14.4,,9.8,8.6,11.5,7.9,,10.3,,,11.7,5.4,9.1,,12.8,9.3,7.7,8.9,"Profil généré pour Philosophie avec accent sur logique, francais, communication."
E0457,LPH,Philosophie,Sciences de l'Homme et de la Société,17.8,11.4,7.1,10.3,9.8,8.5,11.0,,16.0,,13.3,,9.1,,,8.2,8.5,8.0,"Profil généré pour Philosophie avec accent sur logique, francais, communication."
E0458,LPH,Philosophie,Sciences de l'Homme et de la Société,19.5,9.7,10.0,,9.6,,11.8,13.7,,,,,7.6,11.8,8.6,6.9,9.5,11.8,"Profil généré pour Philosophie avec accent sur logique, francais, communication."
E0459,LPH,Philosophie,Sciences de l'Homme et de la Société,15.8,,6.5,6.5,9.9,,7.6,9.0,13.5,11.3,18.3,9.8,13.5,6.4,14.9,8.7,8.3,11.5,"Profil généré pour Philosophie avec accent sur logique, francais, communication."
E0460,LPH,Philosophie,Sciences de l'Homme et de la Société,18.0,9.9,8.6,9.7,8.5,9.7,10.0,10.4,15.8,,,12.5,10.7,7.6,12.1,10.6,8.2,7.0,"Profil généré pour Philosophie avec accent sur logique, francais, communication."
E0461,LPH,Philosophie,Sciences de l'Homme et de la Société,12.8,6.0,9.0,7.3,,12.6,10.0,7.6,19.5,9.7,9.4,13.3,,4.8,13.6,8.5,10.2,9.1,"Profil généré pour Philosophie avec accent sur logique, francais, communication."
E0462,LPH,Philosophie,Sciences de l'Homme et de la Société,15.5,13.1,10.8,6.4,10.6,8.3,,7.8,19.5,,,8.3,5.9,11.0,10.1,7.7,10.3,6.8,"Profil généré pour Philosophie avec accent sur logique, francais, communication."
E0463,LPH,Philosophie,Sciences de l'Homme et de la Société,19.5,9.1,6.6,7.6,7.7,7.5,,13.2,,8.9,13.7,7.9,9.0,11.7,11.2,10.4,10.2,12.6,"Profil généré pour Philosophie avec accent sur logique, francais, communication."
E0464,LPH,Philosophie,Sciences de l'Homme et de la Société,14.8,8.5,10.1,9.4,4.3,8.2,9.6,,16.3,,15.4,7.4,8.8,,13.1,8.4,,7.0,"Profil généré pour Philosophie avec accent sur logique, francais, communication."
E0465,LPH,Philosophie,Sciences de l'Homme et de la Société,14.7,9.9,,8.1,9.9,12.1,8.5,8.1,16.0,9.7,11.4,8.4,9.6,,10.7,7.2,,,"Profil généré pour Philosophie avec accent sur logique, francais, communication."
E0466,LPH,Philosophie,Sciences de l'Homme et de la Société,18.8,12.0,,12.0,9.4,5.4,11.4,8.6,14.1,,19.5,10.5,9.9,10.5,11.9,6.6,9.0,7.0,"Profil généré pour Philosophie avec accent sur logique, francais, communication."
E0467,LPH,Philosophie,Sciences de l'Homme et de la Société,19.2,12.2,11.4,8.6,,7.1,7.8,10.4,16.6,8.0,15.7,13.1,6.5,,11.6,8.7,4.0,11.8,"Profil généré pour Philosophie avec accent sur logique, francais, communication."
E0468,LPH,Philosophie,Sciences de l'Homme et de la Société,15.4,10.5,,6.5,,10.8,9.2,8.8,19.5,9.5,10.8,9.0,8.3,,10.2,8.6,,6.4,"Profil généré pour Philosophie avec accent sur logique, francais, communication."
E0469,LPSY,Psychologie,Sciences Psychologiques de l'Éducation,12.6,10.5,11.7,9.2,,7.3,9.1,7.5,11.6,8.2,17.8,7.3,16.8,8.5,13.6,8.1,9.0,4.8,"Profil généré pour Psychologie avec accent sur empathie, interet_social, communication."
E0470,LPSY,Psychologie,Sciences Psychologiques de l'Éducation,13.2,6.8,6.5,11.9,5.7,12.8,9.9,9.9,8.7,7.5,12.7,9.5,14.0,,16.9,7.9,6.7,10.5,"Profil généré pour Psychologie avec accent sur empathie, interet_social, communication."
E0471,LPSY,Psychologie,Sciences Psychologiques de l'Éducation,12.5,6.6,5.2,11.6,6.1,10.9,5.6,9.2,9.2,8.1,16.6,10.7,16.7,10.2,19.1,8.9,7.7,7.7,"Profil généré pour Psychologie avec accent sur empathie, interet_social, communication."
E0472,LPSY,Psychologie,Sciences Psychologiques de l'Éducation,12.9,7.0,10.1,,8.4,8.1,7.7,8.2,8.3,7.3,16.8,9.4,19.5,,14.3,9.2,8.0,5.0,"Profil généré pour Psychologie avec accent sur empathie, interet_social, communication."
E0473,LPSY,Psychologie,Sciences Psychologiques de l'Éducation,10.9,10.3,10.0,9.3,,12.0,,8.4,11.7,,19.5,12.0,16.1,9.1,15.0,9.9,10.6,6.6,"Profil généré pour Psychologie avec accent sur empathie, interet_social, communication."
E0474,LPSY,Psychologie,Sciences Psychologiques de l'Éducation,11.5,8.6,10.2,9.7,,6.8,8.9,8.1,10.6,11.5,13.4,9.1,,9.9,,10.4,9.5,10.0,"Profil généré pour Psychologie avec accent sur empathie, interet_social, communication."
E0475,LPSY,Psychologie,Sciences Psychologiques de l'Éducation,13.1,7.2,12.3,9.3,,10.7,13.1,,11.2,8.3,16.2,6.6,16.3,9.5,17.1,9.5,10.5,8.0,"Profil généré pour Psychologie avec accent sur empathie, interet_social, communication."
E0476,LPSY,Psychologie,Sciences Psychologiques de l'Éducation,13.7,5.1,10.8,10.7,,11.0,10.8,,5.8,10.6,17.8,,15.9,11.9,18.6,6.7,10.5,5.6,"Profil généré pour Psychologie avec accent sur empathie, interet_social, communication."
E0477,LPSY,Psychologie,Sciences Psychologiques de l'Éducation,11.6,10.5,9.4,10.1,,12.1,9.7,9.1,7.2,,14.4,8.2,18.6,8.2,19.1,11.1,11.2,11.3,"Profil généré pour Psychologie avec accent sur empathie, interet_social, communication."
E0478,LPSY,Psychologie,Sciences Psychologiques de l'Éducation,13.6,7.6,9.1,6.5,5.7,12.4,9.2,8.8,9.7,,17.2,9.6,18.4,7.9,13.7,10.4,9.3,6.7,"Profil généré pour Psychologie avec accent sur empathie, interet_social, communication."
E0479,LPSY,Psychologie,Sciences Psychologiques de l'Éducation,,10.3,7.6,11.9,10.4,11.5,9.3,9.2,10.1,7.9,15.3,9.8,,6.0,13.4,9.1,9.4,8.0,"Profil généré pour Psychologie avec accent sur empathie, interet_social, communication."
E0480,LPSY,Psychologie,Sciences Psychologiques de l'Éducation,11.9,,7.0,8.5,,10.5,10.8,,8.7,7.0,,8.3,16.5,9.1,17.7,8.6,6.7,8.7,"Profil généré pour Psychologie avec accent sur empathie, interet_social, communication."
E0481,LPSY,Psychologie,Sciences Psychologiques de l'Éducation,13.2,8.8,8.2,9.7,9.5,10.3,,,6.0,7.8,16.0,10.0,18.8,,16.5,4.8,10.5,9.4,"Profil généré pour Psychologie avec accent sur empathie, interet_social, communication."
E0482,LPSY,Psychologie,Sciences Psychologiques de l'Éducation,9.5,11.0,7.8,,,8.7,8.5,11.6,,7.5,15.6,11.9,,9.9,12.9,10.9,7.8,7.0,"Profil généré pour Psychologie avec accent sur empathie, interet_social, communication."
E0483,LPSY,Psychologie,Sciences Psychologiques de l'Éducation,12.7,9.0,8.3,8.4,,10.7,,,7.2,9.2,15.9,8.3,18.1,,19.5,7.7,5.0,10.7,"Profil généré pour Psychologie avec accent sur empathie, interet_social, communication."
E0484,LPSY,Psychologie,Sciences Psychologiques de l'Éducation,12.6,11.5,6.9,8.1,9.8,9.2,10.2,,9.7,,18.7,10.3,16.6,12.0,16.7,7.4,10.1,8.2,"Profil généré pour Psychologie avec accent sur empathie, interet_social, communication."
E0485,LPSY,Psychologie,Sciences Psychologiques de l'Éducation,9.7,,9.9,7.0,7.6,11.4,12.6,10.3,10.6,12.0,15.2,5.9,,12.6,19.5,12.7,,8.5,"Profil généré pour Psychologie avec accent sur empathie, interet_social, communication."
E0486,LPSY,Psychologie,Sciences Psychologiques de l'Éducation,10.6,,7.9,,8.7,8.7,9.3,9.6,10.8,6.3,18.0,7.6,15.8,,14.1,9.7,8.3,8.8,"Profil généré pour Psychologie avec accent sur empathie, interet_social, communication."
E0487,LPSY,Psychologie,Sciences Psychologiques de l'Éducation,16.6,8.1,9.5,10.1,9.7,9.2,6.5,6.7,13.9,,15.9,,15.0,7.5,14.3,6.0,9.9,9.1,"Profil généré pour Psychologie avec accent sur empathie, interet_social, communication."
E0488,LPSY,Psychologie,Sciences Psychologiques de l'Éducation,12.3,,8.6,8.1,10.2,6.3,9.4,9.9,11.5,9.1,14.0,9.2,15.4,9.7,19.5,8.4,,9.9,"Profil généré pour Psychologie avec accent sur empathie, interet_social, communication."
E0489,LPSY,Psychologie,Sciences Psychologiques de l'Éducation,14.1,13.2,8.2,9.8,11.7,12.5,10.0,,10.3,10.3,18.5,7.2,19.5,11.7,17.3,11.0,8.3,11.5,"Profil généré pour Psychologie avec accent sur empathie, interet_social, communication."
E0490,LPSY,Psychologie,Sciences Psychologiques de l'Éducation,14.1,9.2,8.1,9.9,,10.8,11.9,7.1,9.2,,,7.8,17.9,,18.0,9.5,9.8,7.9,"Profil généré pour Psychologie avec accent sur empathie, interet_social, communication."
E0491,LPSY,Psychologie,Sciences Psychologiques de l'Éducation,13.2,7.3,7.9,8.4,10.6,9.6,9.6,10.4,8.7,8.6,16.3,7.8,16.1,,17.4,8.9,10.0,,"Profil généré pour Psychologie avec accent sur empathie, interet_social, communication."
E0492,LPSY,Psychologie,Sciences Psychologiques de l'Éducation,12.4,9.5,,8.4,10.3,6.9,6.2,11.4,8.4,12.6,14.7,9.0,15.5,9.5,15.4,8.1,8.7,7.7,"Profil généré pour Psychologie avec accent sur empathie, interet_social, communication."
E0493,LPSY,Psychologie,Sciences Psychologiques de l'Éducation,,9.3,,6.5,,6.2,7.0,9.9,8.5,8.2,16.0,,16.1,10.9,15.6,,7.3,8.9,"Profil généré pour Psychologie avec accent sur empathie, interet_social, communication."
E0494,LPSY,Psychologie,Sciences Psychologiques de l'Éducation,14.4,10.6,10.0,12.3,,9.6,9.2,,11.5,,,10.8,17.5,8.4,14.3,6.0,,5.6,"Profil généré pour Psychologie avec accent sur empathie, interet_social, communication."
E0495,LPSY,Psychologie,Sciences Psychologiques de l'Éducation,12.6,,7.2,10.6,10.3,11.8,7.0,11.3,8.0,,16.6,5.6,,,,6.7,11.6,8.6,"Profil généré pour Psychologie avec accent sur empathie, interet_social, communication."
E0496,LPSY,Psychologie,Sciences Psychologiques de l'Éducation,9.7,7.2,5.9,,10.0,10.3,9.2,7.5,8.8,11.0,15.5,7.6,17.2,9.2,18.3,9.8,7.9,7.7,"Profil généré pour Psychologie avec accent sur empathie, interet_social, communication."
E0497,LPSY,Psychologie,Sciences Psychologiques de l'Éducation,12.2,,,8.6,10.0,6.0,10.2,9.6,12.1,11.7,17.4,5.4,14.9,10.6,15.5,11.2,,,"Profil généré pour Psychologie avec accent sur empathie, interet_social, communication."
E0498,LPSY,Psychologie,Sciences Psychologiques de l'Éducation,,6.1,6.7,,7.9,11.5,8.9,10.4,5.5,7.4,15.5,,19.2,11.6,18.8,7.1,7.9,8.2,"Profil généré pour Psychologie avec accent sur empathie, interet_social, communication."
E0499,LPSY,Psychologie,Sciences Psychologiques de l'Éducation,12.5,10.9,5.0,,6.2,10.1,,9.5,11.1,9.9,16.9,11.3,16.8,9.4,14.4,8.6,,10.7,"Profil généré pour Psychologie avec accent sur empathie, interet_social, communication."
E0500,LPSY,Psychologie,Sciences Psychologiques de l'Éducation,14.0,10.6,7.9,8.7,8.4,8.7,9.3,,7.6,7.6,15.8,9.9,19.5,,13.9,6.6,,6.9,"Profil généré pour Psychologie avec accent sur empathie, interet_social, communication."
E0501,LPSY,Psychologie,Sciences Psychologiques de l'Éducation,11.4,,7.2,9.3,9.8,9.4,8.8,6.7,,6.1,15.1,8.4,,,16.9,8.1,5.9,9.7,"Profil généré pour Psychologie avec accent sur empathie, interet_social, communication."
E0502,LPSY,Psychologie,Sciences Psychologiques de l'Éducation,15.2,7.6,7.1,10.3,9.5,10.5,7.8,6.9,,8.0,14.7,8.2,17.1,7.0,19.0,10.2,8.5,11.0,"Profil généré pour Psychologie avec accent sur empathie, interet_social, communication."
E0503,LPSY,Psychologie,Sciences Psychologiques de l'Éducation,11.0,11.5,9.0,10.3,9.3,8.4,7.7,,10.4,11.4,15.6,10.7,19.5,5.4,18.4,11.1,7.4,9.5,"Profil généré pour Psychologie avec accent sur empathie, interet_social, communication."
E0504,LPSY,Psychologie,Sciences Psychologiques de l'Éducation,,,7.3,,11.0,10.6,,12.8,,7.4,16.3,7.5,19.5,,15.4,8.9,9.2,6.6,"Profil généré pour Psychologie avec accent sur empathie, interet_social, communication."
